{"parent":"item/generated","textures":{"layer0":"item/diamond_boots"},"overrides":[{"predicate":{"custom_model_data":1},"model":"ve/diamond_survivor_boots"},{"predicate":{"blocking":1,"custom_model_data":1},"model":"ve/diamond_survivor_boots"},{"predicate":{"charged":1,"custom_model_data":1},"model":"ve/diamond_survivor_boots"},{"predicate":{"charged":1,"firework":1,"custom_model_data":1},"model":"ve/diamond_survivor_boots"},{"predicate":{"cast":1,"custom_model_data":1},"model":"ve/diamond_survivor_boots"}]}