{"parent":"item/generated","textures":{"layer0":"item/diamond_leggings"},"overrides":[{"predicate":{"custom_model_data":1},"model":"ve/diamond_survivor_leggings"},{"predicate":{"blocking":1,"custom_model_data":1},"model":"ve/diamond_survivor_leggings"},{"predicate":{"charged":1,"custom_model_data":1},"model":"ve/diamond_survivor_leggings"},{"predicate":{"charged":1,"firework":1,"custom_model_data":1},"model":"ve/diamond_survivor_leggings"},{"predicate":{"cast":1,"custom_model_data":1},"model":"ve/diamond_survivor_leggings"}]}