{"parent":"item/handheld","textures":{"layer0":"item/diamond_sword"},"overrides":[{"predicate":{"custom_model_data":1},"model":"ve/diamond_survivor_sword"},{"predicate":{"blocking":1,"custom_model_data":1},"model":"ve/diamond_survivor_sword"},{"predicate":{"charged":1,"custom_model_data":1},"model":"ve/diamond_survivor_sword"},{"predicate":{"charged":1,"firework":1,"custom_model_data":1},"model":"ve/diamond_survivor_sword"},{"predicate":{"cast":1,"custom_model_data":1},"model":"ve/diamond_survivor_sword"}]}