{"parent":"item/generated","textures":{"layer0":"item/diamond_boots"},"overrides":[
{"predicate":{"custom_model_data":1},"model":"ve/diamond_survivor_boots"},
{
      "model": "minecraft:item/diamond_boots_quartz_trim",
      "predicate": {
        "trim_type": 0.1
      }
    },
    {
      "model": "minecraft:item/diamond_boots_iron_trim",
      "predicate": {
        "trim_type": 0.2
      }
    },
    {
      "model": "minecraft:item/diamond_boots_netherite_trim",
      "predicate": {
        "trim_type": 0.3
      }
    },
    {
      "model": "minecraft:item/diamond_boots_redstone_trim",
      "predicate": {
        "trim_type": 0.4
      }
    },
    {
      "model": "minecraft:item/diamond_boots_copper_trim",
      "predicate": {
        "trim_type": 0.5
      }
    },
    {
      "model": "minecraft:item/diamond_boots_gold_trim",
      "predicate": {
        "trim_type": 0.6
      }
    },
    {
      "model": "minecraft:item/diamond_boots_emerald_trim",
      "predicate": {
        "trim_type": 0.7
      }
    },
    {
      "model": "minecraft:item/diamond_boots_diamond_darker_trim",
      "predicate": {
        "trim_type": 0.8
      }
    },
    {
      "model": "minecraft:item/diamond_boots_lapis_trim",
      "predicate": {
        "trim_type": 0.9
      }
    },
    {
      "model": "minecraft:item/diamond_boots_amethyst_trim",
      "predicate": {
        "trim_type": 1.0
      }
    }
]}