{"parent":"item/generated","textures":{"layer0":"item/diamond_helmet"},"overrides":[{"predicate":{"custom_model_data":1},"model":"ve/diamond_survivor_helmet"},{"predicate":{"blocking":1,"custom_model_data":1},"model":"ve/diamond_survivor_helmet"},{"predicate":{"charged":1,"custom_model_data":1},"model":"ve/diamond_survivor_helmet"},{"predicate":{"charged":1,"firework":1,"custom_model_data":1},"model":"ve/diamond_survivor_helmet"},{"predicate":{"cast":1,"custom_model_data":1},"model":"ve/diamond_survivor_helmet"}]}