{"parent":"item/handheld","textures":{"layer0":"item/diamond_pickaxe"},"overrides":[{"predicate":{"custom_model_data":1},"model":"ve/diamond_survivor_pickaxe"},{"predicate":{"blocking":1,"custom_model_data":1},"model":"ve/diamond_survivor_pickaxe"},{"predicate":{"charged":1,"custom_model_data":1},"model":"ve/diamond_survivor_pickaxe"},{"predicate":{"charged":1,"firework":1,"custom_model_data":1},"model":"ve/diamond_survivor_pickaxe"},{"predicate":{"cast":1,"custom_model_data":1},"model":"ve/diamond_survivor_pickaxe"}]}