{"parent":"item/handheld","textures":{"layer0":"item/diamond_hoe"},"overrides":[{"predicate":{"custom_model_data":1},"model":"ve/diamond_survivor_hoe"},{"predicate":{"blocking":1,"custom_model_data":1},"model":"ve/diamond_survivor_hoe"},{"predicate":{"charged":1,"custom_model_data":1},"model":"ve/diamond_survivor_hoe"},{"predicate":{"charged":1,"firework":1,"custom_model_data":1},"model":"ve/diamond_survivor_hoe"},{"predicate":{"cast":1,"custom_model_data":1},"model":"ve/diamond_survivor_hoe"}]}