{"parent":"item/handheld","textures":{"layer0":"item/diamond_sword"},"overrides":[{"predicate":{"custom_model_data":1},"model":"ve/diamond_survivor_sword"},{"predicate":{"blocking":1,"custom_model_data":1},"model":"ve/diamond_survivor_sword"},{"predicate":{"charged":1,"custom_model_data":1},"model":"ve/diamond_survivor_sword"},{"predicate":{"charged":1,"firework":1,"custom_model_data":1},"model":"ve/diamond_survivor_sword"},{"predicate":{"cast":1,"custom_model_data":1},"model":"ve/diamond_survivor_sword"},{"predicate":{"custom_model_data":1001},"model":"default/great_sword"},{"predicate":{"custom_model_data":1002},"model":"default/bone_sword"},{"predicate":{"custom_model_data":1003},"model":"default/wood_sword"}]}