{"parent":"item/handheld","textures":{"layer0":"item/diamond_axe"},"overrides":[{"predicate":{"custom_model_data":1},"model":"ve/diamond_survivor_axe"},{"predicate":{"blocking":1,"custom_model_data":1},"model":"ve/diamond_survivor_axe"},{"predicate":{"charged":1,"custom_model_data":1},"model":"ve/diamond_survivor_axe"},{"predicate":{"charged":1,"firework":1,"custom_model_data":1},"model":"ve/diamond_survivor_axe"},{"predicate":{"cast":1,"custom_model_data":1},"model":"ve/diamond_survivor_axe"}]}