{"parent":"item/handheld","textures":{"layer0":"item/netherite_sword"},"overrides":[{"predicate":{"custom_model_data":1},"model":"ve/survivor_sword"},{"predicate":{"blocking":1,"custom_model_data":1},"model":"ve/survivor_sword"},{"predicate":{"charged":1,"custom_model_data":1},"model":"ve/survivor_sword"},{"predicate":{"charged":1,"firework":1,"custom_model_data":1},"model":"ve/survivor_sword"},{"predicate":{"cast":1,"custom_model_data":1},"model":"ve/survivor_sword"},{"predicate":{"custom_model_data":10},"model":"ve/lightsaber_red"},{"predicate":{"custom_model_data":11},"model":"ve/lightsaber_blue"},{"predicate":{"custom_model_data":12},"model":"ve/lightsaber_green"},{"predicate":{"custom_model_data":13},"model":"ve/lightsaber_cyan"},{"predicate":{"custom_model_data":14},"model":"ve/lightsaber_gold"},{"predicate":{"custom_model_data":15},"model":"ve/lightsaber_orange"},{"predicate":{"custom_model_data":16},"model":"ve/lightsaber_purple"},{"predicate":{"custom_model_data":17},"model":"ve/lightsaber_white"},{"predicate":{"custom_model_data":20},"model":"ve/baseball_bat"},{"predicate":{"custom_model_data":21},"model":"ve/reinforced_club"},{"predicate":{"custom_model_data":22},"model":"ve/rapier"},{"predicate":{"blocking":1,"custom_model_data":22},"model":"ve/rapier"},{"predicate":{"charged":1,"custom_model_data":22},"model":"ve/rapier"},{"predicate":{"charged":1,"firework":1,"custom_model_data":22},"model":"ve/rapier"},{"predicate":{"cast":1,"custom_model_data":22},"model":"ve/rapier"},{"predicate":{"custom_model_data":23},"model":"ve/nunchucks"},{"predicate":{"blocking":1,"custom_model_data":23},"model":"ve/nunchucks"},{"predicate":{"charged":1,"custom_model_data":23},"model":"ve/nunchucks"},{"predicate":{"charged":1,"firework":1,"custom_model_data":23},"model":"ve/nunchucks"},{"predicate":{"cast":1,"custom_model_data":23},"model":"ve/nunchucks"}]}