{"parent":"item/generated","textures":{"layer0":"item/netherite_chestplate"},"overrides":[
{"predicate":{"custom_model_data":1},"model":"ve/survivor_chestplate"},
	{
      "model": "minecraft:item/netherite_chestplate_quartz_trim",
      "predicate": {
        "trim_type": 0.1
      }
    },
    {
      "model": "minecraft:item/netherite_chestplate_iron_trim",
      "predicate": {
        "trim_type": 0.2
      }
    },
    {
      "model": "minecraft:item/netherite_chestplate_netherite_darker_trim",
      "predicate": {
        "trim_type": 0.3
      }
    },
    {
      "model": "minecraft:item/netherite_chestplate_redstone_trim",
      "predicate": {
        "trim_type": 0.4
      }
    },
    {
      "model": "minecraft:item/netherite_chestplate_copper_trim",
      "predicate": {
        "trim_type": 0.5
      }
    },
    {
      "model": "minecraft:item/netherite_chestplate_gold_trim",
      "predicate": {
        "trim_type": 0.6
      }
    },
    {
      "model": "minecraft:item/netherite_chestplate_emerald_trim",
      "predicate": {
        "trim_type": 0.7
      }
    },
    {
      "model": "minecraft:item/netherite_chestplate_diamond_trim",
      "predicate": {
        "trim_type": 0.8
      }
    },
    {
      "model": "minecraft:item/netherite_chestplate_lapis_trim",
      "predicate": {
        "trim_type": 0.9
      }
    },
    {
      "model": "minecraft:item/netherite_chestplate_amethyst_trim",
      "predicate": {
        "trim_type": 1.0
      }
    }
]}