{"parent":"item/handheld","textures":{"layer0":"item/netherite_pickaxe"},"overrides":[{"predicate":{"custom_model_data":1},"model":"ve/survivor_pickaxe"},{"predicate":{"blocking":1,"custom_model_data":1},"model":"ve/survivor_pickaxe"},{"predicate":{"charged":1,"custom_model_data":1},"model":"ve/survivor_pickaxe"},{"predicate":{"charged":1,"firework":1,"custom_model_data":1},"model":"ve/survivor_pickaxe"},{"predicate":{"cast":1,"custom_model_data":1},"model":"ve/survivor_pickaxe"},{"predicate":{"custom_model_data":2},"model":"ve/legend_pickaxe"},{"predicate":{"blocking":1,"custom_model_data":2},"model":"ve/legend_pickaxe"},{"predicate":{"charged":1,"custom_model_data":2},"model":"ve/legend_pickaxe"},{"predicate":{"charged":1,"firework":1,"custom_model_data":2},"model":"ve/legend_pickaxe"},{"predicate":{"cast":1,"custom_model_data":2},"model":"ve/legend_pickaxe"},{"predicate":{"custom_model_data":100},"model":"ve/trash_pickaxe"},{"predicate":{"blocking":1,"custom_model_data":100},"model":"ve/trash_pickaxe"},{"predicate":{"charged":1,"custom_model_data":100},"model":"ve/trash_pickaxe"},{"predicate":{"charged":1,"firework":1,"custom_model_data":100},"model":"ve/trash_pickaxe"},{"predicate":{"cast":1,"custom_model_data":100},"model":"ve/trash_pickaxe"}]}