{"parent":"item/handheld","textures":{"layer0":"item/netherite_axe"},"overrides":[{"predicate":{"custom_model_data":1},"model":"ve/survivor_axe"},{"predicate":{"blocking":1,"custom_model_data":1},"model":"ve/survivor_axe"},{"predicate":{"charged":1,"custom_model_data":1},"model":"ve/survivor_axe"},{"predicate":{"charged":1,"firework":1,"custom_model_data":1},"model":"ve/survivor_axe"},{"predicate":{"cast":1,"custom_model_data":1},"model":"ve/survivor_axe"},{"predicate":{"custom_model_data":2},"model":"ve/legend_axe"},{"predicate":{"blocking":1,"custom_model_data":2},"model":"ve/legend_axe"},{"predicate":{"charged":1,"custom_model_data":2},"model":"ve/legend_axe"},{"predicate":{"charged":1,"firework":1,"custom_model_data":2},"model":"ve/legend_axe"},{"predicate":{"cast":1,"custom_model_data":2},"model":"ve/legend_axe"},{"predicate":{"custom_model_data":20},"model":"ve/halberd"},{"predicate":{"custom_model_data":21},"model":"ve/halberdt"},{"predicate":{"custom_model_data":22},"model":"ve/bearded_axe"},{"predicate":{"blocking":1,"custom_model_data":22},"model":"ve/bearded_axe"},{"predicate":{"charged":1,"custom_model_data":22},"model":"ve/bearded_axe"},{"predicate":{"charged":1,"firework":1,"custom_model_data":22},"model":"ve/bearded_axe"},{"predicate":{"cast":1,"custom_model_data":22},"model":"ve/bearded_axe"},{"predicate":{"custom_model_data":23},"model":"ve/bearded_axe2"},{"predicate":{"blocking":1,"custom_model_data":23},"model":"ve/bearded_axe2"},{"predicate":{"charged":1,"custom_model_data":23},"model":"ve/bearded_axe2"},{"predicate":{"charged":1,"firework":1,"custom_model_data":23},"model":"ve/bearded_axe2"},{"predicate":{"cast":1,"custom_model_data":23},"model":"ve/bearded_axe2"},{"predicate":{"custom_model_data":24},"model":"ve/waraxe"},{"predicate":{"blocking":1,"custom_model_data":24},"model":"ve/waraxe"},{"predicate":{"charged":1,"custom_model_data":24},"model":"ve/waraxe"},{"predicate":{"charged":1,"firework":1,"custom_model_data":24},"model":"ve/waraxe"},{"predicate":{"cast":1,"custom_model_data":24},"model":"ve/waraxe"},{"predicate":{"custom_model_data":25},"model":"ve/double_axe"},{"predicate":{"blocking":1,"custom_model_data":25},"model":"ve/double_axe"},{"predicate":{"charged":1,"custom_model_data":25},"model":"ve/double_axe"},{"predicate":{"charged":1,"firework":1,"custom_model_data":25},"model":"ve/double_axe"},{"predicate":{"cast":1,"custom_model_data":25},"model":"ve/double_axe"}]}