{"parent":"item/handheld","textures":{"layer0":"item/netherite_shovel"},"overrides":[{"predicate":{"custom_model_data":1},"model":"ve/survivor_shovel"},{"predicate":{"blocking":1,"custom_model_data":1},"model":"ve/survivor_shovel"},{"predicate":{"charged":1,"custom_model_data":1},"model":"ve/survivor_shovel"},{"predicate":{"charged":1,"firework":1,"custom_model_data":1},"model":"ve/survivor_shovel"},{"predicate":{"cast":1,"custom_model_data":1},"model":"ve/survivor_shovel"},{"predicate":{"custom_model_data":2},"model":"ve/legend_shovel"},{"predicate":{"blocking":1,"custom_model_data":2},"model":"ve/legend_shovel"},{"predicate":{"charged":1,"custom_model_data":2},"model":"ve/legend_shovel"},{"predicate":{"charged":1,"firework":1,"custom_model_data":2},"model":"ve/legend_shovel"},{"predicate":{"cast":1,"custom_model_data":2},"model":"ve/legend_shovel"}]}