{"parent":"item/generated","textures":{"layer0":"item/netherite_chestplate"},"overrides":[{"predicate":{"custom_model_data":1},"model":"ve/survivor_chestplate"},{"predicate":{"blocking":1,"custom_model_data":1},"model":"ve/survivor_chestplate"},{"predicate":{"charged":1,"custom_model_data":1},"model":"ve/survivor_chestplate"},{"predicate":{"charged":1,"firework":1,"custom_model_data":1},"model":"ve/survivor_chestplate"},{"predicate":{"cast":1,"custom_model_data":1},"model":"ve/survivor_chestplate"}]}