{"parent":"item/generated","textures":{"layer0":"item/paper"},"overrides":[{"predicate":{"custom_model_data":1013},"model":"required/arrow_next_icon"},{"predicate":{"blocking":1,"custom_model_data":1013},"model":"required/arrow_next_icon"},{"predicate":{"charged":1,"custom_model_data":1013},"model":"required/arrow_next_icon"},{"predicate":{"charged":1,"firework":1,"custom_model_data":1013},"model":"required/arrow_next_icon"},{"predicate":{"cast":1,"custom_model_data":1013},"model":"required/arrow_next_icon"},{"predicate":{"custom_model_data":1014},"model":"required/arrow_previous_icon"},{"predicate":{"blocking":1,"custom_model_data":1014},"model":"required/arrow_previous_icon"},{"predicate":{"charged":1,"custom_model_data":1014},"model":"required/arrow_previous_icon"},{"predicate":{"charged":1,"firework":1,"custom_model_data":1014},"model":"required/arrow_previous_icon"},{"predicate":{"cast":1,"custom_model_data":1014},"model":"required/arrow_previous_icon"},{"predicate":{"custom_model_data":1015},"model":"required/exit_icon"},{"predicate":{"blocking":1,"custom_model_data":1015},"model":"required/exit_icon"},{"predicate":{"charged":1,"custom_model_data":1015},"model":"required/exit_icon"},{"predicate":{"charged":1,"firework":1,"custom_model_data":1015},"model":"required/exit_icon"},{"predicate":{"cast":1,"custom_model_data":1015},"model":"required/exit_icon"}]}