{
	"credit": "Made by Squatting_Slav",
	"textures": {
		"0": "block/gold_block",
		"1": "block/amethyst_block",
		"2": "block/diamond_block",
		"3": "block/redstone_block",
		"4": "block/emerald_block",
		"particle": "block/gold_block"
	},
	"elements": [
		{
			"from": [10.875, 3, 11.75],
			"to": [11.375, 3.5, 11.875],
			"rotation": {"angle": 0, "axis": "y", "origin": [8, 3.25, 8]},
			"faces": {
				"east": {"uv": [1, 0, 2, 2], "texture": "#1"},
				"south": {"uv": [0, 0, 2, 2], "texture": "#1"},
				"west": {"uv": [0, 0, 1, 2], "texture": "#1"},
				"up": {"uv": [0, 0, 2, 1], "rotation": 90, "texture": "#1"},
				"down": {"uv": [0, 1, 2, 2], "rotation": 270, "texture": "#1"}
			}
		},
		{
			"from": [8.875, 3, 11.75],
			"to": [9.375, 3.5, 11.875],
			"rotation": {"angle": 0, "axis": "y", "origin": [8, 3.25, 8]},
			"faces": {
				"east": {"uv": [13, 4, 14, 6], "texture": "#2"},
				"south": {"uv": [12, 4, 14, 6], "texture": "#2"},
				"west": {"uv": [12, 4, 13, 6], "texture": "#2"},
				"up": {"uv": [12, 4, 14, 5], "texture": "#2"},
				"down": {"uv": [12, 5, 14, 6], "texture": "#2"}
			}
		},
		{
			"from": [6.625, 3, 11.75],
			"to": [7.125, 3.5, 11.875],
			"rotation": {"angle": 0, "axis": "y", "origin": [8, 3.25, 8]},
			"faces": {
				"east": {"uv": [12, 4, 13, 6], "texture": "#3"},
				"south": {"uv": [11, 4, 13, 6], "texture": "#3"},
				"west": {"uv": [11, 4, 12, 6], "texture": "#3"},
				"up": {"uv": [11, 4, 13, 5], "texture": "#3"},
				"down": {"uv": [11, 5, 13, 6], "texture": "#3"}
			}
		},
		{
			"from": [4.625, 3, 11.75],
			"to": [5.125, 3.5, 11.875],
			"rotation": {"angle": 0, "axis": "y", "origin": [8, 3.25, 8]},
			"faces": {
				"east": {"uv": [8, 7, 9, 9], "texture": "#4"},
				"south": {"uv": [7, 7, 9, 9], "texture": "#4"},
				"west": {"uv": [7, 7, 8, 9], "texture": "#4"},
				"up": {"uv": [7, 7, 9, 8], "texture": "#4"},
				"down": {"uv": [7, 8, 9, 9], "texture": "#4"}
			}
		},
		{
			"from": [4.625, 3, 4.125],
			"to": [5.125, 3.5, 4.25],
			"rotation": {"angle": 0, "axis": "y", "origin": [8, 3.25, 8]},
			"faces": {
				"north": {"uv": [0, 0, 2, 2], "texture": "#1"},
				"east": {"uv": [0, 0, 1, 2], "texture": "#1"},
				"west": {"uv": [1, 0, 2, 2], "texture": "#1"},
				"up": {"uv": [0, 0, 2, 1], "rotation": 270, "texture": "#1"},
				"down": {"uv": [0, 1, 2, 2], "rotation": 90, "texture": "#1"}
			}
		},
		{
			"from": [6.625, 3, 4.125],
			"to": [7.125, 3.5, 4.25],
			"rotation": {"angle": 0, "axis": "y", "origin": [8, 3.25, 8]},
			"faces": {
				"north": {"uv": [12, 4, 14, 6], "texture": "#2"},
				"east": {"uv": [12, 4, 13, 6], "texture": "#2"},
				"west": {"uv": [13, 4, 14, 6], "texture": "#2"},
				"up": {"uv": [12, 4, 14, 5], "rotation": 180, "texture": "#2"},
				"down": {"uv": [12, 5, 14, 6], "rotation": 180, "texture": "#2"}
			}
		},
		{
			"from": [8.875, 3, 4.125],
			"to": [9.375, 3.5, 4.25],
			"rotation": {"angle": 0, "axis": "y", "origin": [8, 3.25, 8]},
			"faces": {
				"north": {"uv": [11, 4, 13, 6], "texture": "#3"},
				"east": {"uv": [11, 4, 12, 6], "texture": "#3"},
				"west": {"uv": [12, 4, 13, 6], "texture": "#3"},
				"up": {"uv": [11, 4, 13, 5], "rotation": 180, "texture": "#3"},
				"down": {"uv": [11, 5, 13, 6], "rotation": 180, "texture": "#3"}
			}
		},
		{
			"from": [10.875, 3, 4.125],
			"to": [11.375, 3.5, 4.25],
			"rotation": {"angle": 0, "axis": "y", "origin": [8, 3.25, 8]},
			"faces": {
				"north": {"uv": [7, 7, 9, 9], "texture": "#4"},
				"east": {"uv": [7, 7, 8, 9], "texture": "#4"},
				"west": {"uv": [8, 7, 9, 9], "texture": "#4"},
				"up": {"uv": [7, 7, 9, 8], "rotation": 180, "texture": "#4"},
				"down": {"uv": [7, 8, 9, 9], "rotation": 180, "texture": "#4"}
			}
		},
		{
			"from": [11.75, 3, 10.875],
			"to": [11.875, 3.5, 11.375],
			"rotation": {"angle": 0, "axis": "y", "origin": [8, 3.25, 8]},
			"faces": {
				"north": {"uv": [8, 7, 9, 9], "texture": "#4"},
				"east": {"uv": [7, 7, 9, 9], "texture": "#4"},
				"south": {"uv": [7, 7, 8, 9], "texture": "#4"},
				"up": {"uv": [7, 7, 9, 8], "rotation": 270, "texture": "#4"},
				"down": {"uv": [7, 8, 9, 9], "rotation": 90, "texture": "#4"}
			}
		},
		{
			"from": [11.75, 3, 8.875],
			"to": [11.875, 3.5, 9.375],
			"rotation": {"angle": 0, "axis": "y", "origin": [8, 3.25, 8]},
			"faces": {
				"north": {"uv": [12, 4, 13, 6], "texture": "#3"},
				"east": {"uv": [11, 4, 13, 6], "texture": "#3"},
				"south": {"uv": [11, 4, 12, 6], "texture": "#3"},
				"up": {"uv": [11, 4, 13, 5], "rotation": 270, "texture": "#3"},
				"down": {"uv": [11, 5, 13, 6], "rotation": 90, "texture": "#3"}
			}
		},
		{
			"from": [11.75, 3, 6.625],
			"to": [11.875, 3.5, 7.125],
			"rotation": {"angle": 0, "axis": "y", "origin": [8, 3.25, 8]},
			"faces": {
				"north": {"uv": [13, 4, 14, 6], "texture": "#2"},
				"east": {"uv": [12, 4, 14, 6], "texture": "#2"},
				"south": {"uv": [12, 4, 13, 6], "texture": "#2"},
				"up": {"uv": [12, 4, 14, 5], "rotation": 270, "texture": "#2"},
				"down": {"uv": [12, 5, 14, 6], "rotation": 90, "texture": "#2"}
			}
		},
		{
			"from": [11.75, 3, 4.625],
			"to": [11.875, 3.5, 5.125],
			"rotation": {"angle": 0, "axis": "y", "origin": [8, 3.25, 8]},
			"faces": {
				"north": {"uv": [1, 0, 2, 2], "texture": "#1"},
				"east": {"uv": [0, 0, 2, 2], "texture": "#1"},
				"south": {"uv": [0, 0, 1, 2], "texture": "#1"},
				"up": {"uv": [0, 0, 2, 1], "texture": "#1"},
				"down": {"uv": [0, 1, 2, 2], "texture": "#1"}
			}
		},
		{
			"from": [4.125, 3, 4.625],
			"to": [4.25, 3.5, 5.125],
			"rotation": {"angle": 0, "axis": "y", "origin": [8, 3.25, 8]},
			"faces": {
				"north": {"uv": [7, 7, 8, 9], "texture": "#4"},
				"south": {"uv": [8, 7, 9, 9], "texture": "#4"},
				"west": {"uv": [7, 7, 9, 9], "texture": "#4"},
				"up": {"uv": [7, 7, 9, 8], "rotation": 90, "texture": "#4"},
				"down": {"uv": [7, 8, 9, 9], "rotation": 270, "texture": "#4"}
			}
		},
		{
			"from": [4.125, 3, 6.625],
			"to": [4.25, 3.5, 7.125],
			"rotation": {"angle": 0, "axis": "y", "origin": [8, 3.25, 8]},
			"faces": {
				"north": {"uv": [11, 4, 12, 6], "texture": "#3"},
				"south": {"uv": [12, 4, 13, 6], "texture": "#3"},
				"west": {"uv": [11, 4, 13, 6], "texture": "#3"},
				"up": {"uv": [11, 4, 13, 5], "rotation": 90, "texture": "#3"},
				"down": {"uv": [11, 5, 13, 6], "rotation": 270, "texture": "#3"}
			}
		},
		{
			"from": [4.125, 3, 8.875],
			"to": [4.25, 3.5, 9.375],
			"rotation": {"angle": 0, "axis": "y", "origin": [8, 3.25, 8]},
			"faces": {
				"north": {"uv": [12, 4, 13, 6], "texture": "#2"},
				"south": {"uv": [13, 4, 14, 6], "texture": "#2"},
				"west": {"uv": [12, 4, 14, 6], "texture": "#2"},
				"up": {"uv": [12, 4, 14, 5], "rotation": 90, "texture": "#2"},
				"down": {"uv": [12, 5, 14, 6], "rotation": 270, "texture": "#2"}
			}
		},
		{
			"from": [4.125, 3, 10.875],
			"to": [4.25, 3.5, 11.375],
			"rotation": {"angle": 0, "axis": "y", "origin": [8, 3.25, 8]},
			"faces": {
				"north": {"uv": [0, 0, 1, 2], "texture": "#1"},
				"south": {"uv": [1, 0, 2, 2], "texture": "#1"},
				"west": {"uv": [0, 0, 2, 2], "texture": "#1"},
				"up": {"uv": [0, 0, 2, 1], "rotation": 180, "texture": "#1"},
				"down": {"uv": [0, 1, 2, 2], "rotation": 180, "texture": "#1"}
			}
		},
		{
			"from": [11.5, 0, 4.5],
			"to": [12, 0.5, 12],
			"rotation": {"angle": 0, "axis": "x", "origin": [11.6875, 1.75, 8.0625]},
			"faces": {
				"east": {"uv": [0, 15.5, 15, 16], "texture": "#0"},
				"south": {"uv": [0, 15.5, 0.5, 16], "texture": "#0"},
				"west": {"uv": [0, 15.5, 15, 16], "texture": "#0"},
				"up": {"uv": [0, 15.5, 15, 16], "rotation": 90, "texture": "#0"},
				"down": {"uv": [0, 15.5, 15, 16], "rotation": 90, "texture": "#0"}
			}
		},
		{
			"from": [11.5, 1, 4.5],
			"to": [12, 1.5, 12],
			"rotation": {"angle": 0, "axis": "x", "origin": [11.6875, 1.75, 8.0625]},
			"faces": {
				"east": {"uv": [0, 15.5, 15, 16], "texture": "#0"},
				"south": {"uv": [0, 15.5, 0.5, 16], "texture": "#0"},
				"west": {"uv": [15.25, 14.5, 0.75, 15], "texture": "#0"},
				"up": {"uv": [0, 15.5, 15, 16], "rotation": 90, "texture": "#0"},
				"down": {"uv": [0, 15.5, 15, 16], "rotation": 90, "texture": "#0"}
			}
		},
		{
			"from": [11.5, 0.5, 4.5],
			"to": [11.75, 1, 11.75],
			"rotation": {"angle": 0, "axis": "y", "origin": [11.6875, 1.75, 8.0625]},
			"faces": {
				"east": {"uv": [0, 14.5, 14.5, 15], "texture": "#0"},
				"south": {"uv": [0, 14.5, 0.5, 15], "texture": "#0"},
				"west": {"uv": [15.25, 14.5, 1.25, 15], "texture": "#0"}
			}
		},
		{
			"from": [11.5, 1.5, 4.5],
			"to": [11.75, 2.5, 11.75],
			"rotation": {"angle": 0, "axis": "y", "origin": [11.6875, 1.75, 8.0625]},
			"faces": {
				"east": {"uv": [0, 13.5, 14.5, 14.5], "texture": "#0"},
				"south": {"uv": [0, 13.5, 0.5, 14.5], "texture": "#0"},
				"west": {"uv": [14.5, 13.5, 0, 14.5], "texture": "#0"},
				"up": {"uv": [0, 13.5, 14.5, 14], "rotation": 270, "texture": "#0"}
			}
		},
		{
			"from": [11.5, 2.5, 8.5],
			"to": [11.75, 4, 9.75],
			"rotation": {"angle": 0, "axis": "y", "origin": [11.6875, 1.75, 8.0625]},
			"faces": {
				"north": {"uv": [6.25, 10, 6.5, 13], "texture": "#0"},
				"east": {"uv": [4, 10, 6.5, 13], "texture": "#0"},
				"south": {"uv": [4, 10, 4.25, 13], "texture": "#0"},
				"west": {"uv": [6.5, 10, 4, 13], "texture": "#0"},
				"up": {"uv": [4, 10, 6.5, 10.25], "rotation": 270, "texture": "#0"}
			}
		},
		{
			"from": [11.5, 2.5, 6.25],
			"to": [11.75, 4, 7.5],
			"rotation": {"angle": 0, "axis": "y", "origin": [11.6875, 1.75, 8.0625]},
			"faces": {
				"north": {"uv": [10.75, 10, 11, 13], "texture": "#0"},
				"east": {"uv": [8.5, 10, 11, 13], "texture": "#0"},
				"south": {"uv": [8.5, 10, 8.75, 13], "texture": "#0"},
				"west": {"uv": [11, 10, 8.5, 13], "texture": "#0"},
				"up": {"uv": [8.5, 10, 11, 10.25], "rotation": 270, "texture": "#0"}
			}
		},
		{
			"from": [4.25, 1.5, 4.25],
			"to": [4.5, 2.5, 11.5],
			"rotation": {"angle": 0, "axis": "y", "origin": [8, 1.75, 8]},
			"faces": {
				"north": {"uv": [0, 13.5, 0.5, 14.5], "texture": "#0"},
				"east": {"uv": [14.5, 13.5, 0, 14.5], "texture": "#0"},
				"west": {"uv": [0, 13.5, 14.5, 14.5], "texture": "#0"},
				"up": {"uv": [0, 13.5, 14.5, 14], "rotation": 90, "texture": "#0"}
			}
		},
		{
			"from": [4, 1, 4],
			"to": [4.5, 1.5, 11.5],
			"rotation": {"angle": 0, "axis": "y", "origin": [8, 1.75, 8]},
			"faces": {
				"north": {"uv": [0, 15.5, 0.5, 16], "texture": "#0"},
				"east": {"uv": [15.25, 14.5, 0.75, 15], "texture": "#0"},
				"west": {"uv": [0, 15.5, 15, 16], "texture": "#0"},
				"up": {"uv": [0, 15.5, 15, 16], "rotation": 270, "texture": "#0"},
				"down": {"uv": [0, 15.5, 15, 16], "rotation": 270, "texture": "#0"}
			}
		},
		{
			"from": [4.25, 0.5, 4.25],
			"to": [4.5, 1, 11.5],
			"rotation": {"angle": 0, "axis": "y", "origin": [8, 1.75, 8]},
			"faces": {
				"north": {"uv": [0, 14.5, 0.5, 15], "texture": "#0"},
				"east": {"uv": [15.25, 14.5, 1.25, 15], "texture": "#0"},
				"west": {"uv": [0, 14.5, 14.5, 15], "texture": "#0"}
			}
		},
		{
			"from": [4, 0, 4],
			"to": [4.5, 0.5, 11.5],
			"rotation": {"angle": 0, "axis": "y", "origin": [8, 1.75, 8]},
			"faces": {
				"north": {"uv": [0, 15.5, 0.5, 16], "texture": "#0"},
				"east": {"uv": [0, 15.5, 15, 16], "texture": "#0"},
				"west": {"uv": [0, 15.5, 15, 16], "texture": "#0"},
				"up": {"uv": [0, 15.5, 15, 16], "rotation": 270, "texture": "#0"},
				"down": {"uv": [0, 15.5, 15, 16], "rotation": 270, "texture": "#0"}
			}
		},
		{
			"from": [4.25, 2.5, 6.25],
			"to": [4.5, 4, 7.5],
			"rotation": {"angle": 0, "axis": "y", "origin": [8, 1.75, 8]},
			"faces": {
				"north": {"uv": [4, 10, 4.25, 13], "texture": "#0"},
				"east": {"uv": [6.5, 10, 4, 13], "texture": "#0"},
				"south": {"uv": [6.25, 10, 6.5, 13], "texture": "#0"},
				"west": {"uv": [4, 10, 6.5, 13], "texture": "#0"},
				"up": {"uv": [4, 10, 6.5, 10.25], "rotation": 90, "texture": "#0"}
			}
		},
		{
			"from": [4.25, 2.5, 8.5],
			"to": [4.5, 4, 9.75],
			"rotation": {"angle": 0, "axis": "y", "origin": [8, 1.75, 8]},
			"faces": {
				"north": {"uv": [8.5, 10, 8.75, 13], "texture": "#0"},
				"east": {"uv": [11, 10, 8.5, 13], "texture": "#0"},
				"south": {"uv": [10.75, 10, 11, 13], "texture": "#0"},
				"west": {"uv": [8.5, 10, 11, 13], "texture": "#0"},
				"up": {"uv": [8.5, 10, 11, 10.25], "rotation": 90, "texture": "#0"}
			}
		},
		{
			"from": [4.25, 0.5, 11.5],
			"to": [11.5, 1, 11.75],
			"rotation": {"angle": 0, "axis": "y", "origin": [8, 1.75, 8]},
			"faces": {
				"north": {"uv": [15.25, 14.5, 1.25, 15], "texture": "#0"},
				"south": {"uv": [0, 14.5, 14.5, 15], "texture": "#0"},
				"west": {"uv": [0, 14.5, 0.5, 15], "texture": "#0"}
			}
		},
		{
			"from": [4.25, 2.5, 11.5],
			"to": [5.5, 4.5, 11.75],
			"rotation": {"angle": 0, "axis": "y", "origin": [8, 3.5, 8]},
			"faces": {
				"north": {"uv": [2.5, 9, 0, 13], "texture": "#0"},
				"east": {"uv": [2.25, 9, 2.5, 13], "texture": "#0"},
				"south": {"uv": [0, 9, 2.5, 13], "texture": "#0"},
				"west": {"uv": [0, 9, 0.25, 13], "texture": "#0"},
				"up": {"uv": [0, 9, 2.5, 9.25], "texture": "#0"}
			}
		},
		{
			"from": [6.25, 2.5, 11.5],
			"to": [7.5, 4, 11.75],
			"rotation": {"angle": 0, "axis": "y", "origin": [8, 1.75, 8]},
			"faces": {
				"north": {"uv": [6.5, 10, 4, 13], "texture": "#0"},
				"east": {"uv": [6.25, 10, 6.5, 13], "texture": "#0"},
				"south": {"uv": [4, 10, 6.5, 13], "texture": "#0"},
				"west": {"uv": [4, 10, 4.25, 13], "texture": "#0"},
				"up": {"uv": [4, 10, 6.5, 10.25], "texture": "#0"}
			}
		},
		{
			"from": [8.5, 2.5, 11.5],
			"to": [9.75, 4, 11.75],
			"rotation": {"angle": 0, "axis": "y", "origin": [8, 1.75, 8]},
			"faces": {
				"north": {"uv": [11, 10, 8.5, 13], "texture": "#0"},
				"east": {"uv": [10.75, 10, 11, 13], "texture": "#0"},
				"south": {"uv": [8.5, 10, 11, 13], "texture": "#0"},
				"west": {"uv": [8.5, 10, 8.75, 13], "texture": "#0"},
				"up": {"uv": [8.5, 10, 11, 10.25], "texture": "#0"}
			}
		},
		{
			"from": [10.5, 2.5, 11.5],
			"to": [11.5, 4.5, 11.75],
			"rotation": {"angle": 0, "axis": "y", "origin": [8, 3.5, 8]},
			"faces": {
				"north": {"uv": [14.5, 9, 12.5, 13], "texture": "#0"},
				"south": {"uv": [12.5, 9, 14.5, 13], "texture": "#0"},
				"west": {"uv": [12.5, 9, 12.75, 13], "texture": "#0"},
				"up": {"uv": [12.5, 9, 14.5, 9.25], "texture": "#0"}
			}
		},
		{
			"from": [4.25, 2.5, 4.25],
			"to": [4.5, 4.5, 5.5],
			"rotation": {"angle": 0, "axis": "y", "origin": [8, 3.5, 8]},
			"faces": {
				"north": {"uv": [0, 9, 0.25, 13], "texture": "#0"},
				"east": {"uv": [2.5, 9, 0, 13], "texture": "#0"},
				"south": {"uv": [2.25, 9, 2.5, 13], "texture": "#0"},
				"west": {"uv": [0, 9, 2.5, 13], "texture": "#0"},
				"up": {"uv": [0, 9, 2.5, 9.25], "rotation": 90, "texture": "#0"}
			}
		},
		{
			"from": [4.25, 2.5, 10.5],
			"to": [4.5, 4.5, 11.5],
			"rotation": {"angle": 0, "axis": "y", "origin": [8, 3.5, 8]},
			"faces": {
				"north": {"uv": [12.5, 9, 12.75, 13], "texture": "#0"},
				"east": {"uv": [14.5, 9, 12.5, 13], "texture": "#0"},
				"west": {"uv": [12.5, 9, 14.5, 13], "texture": "#0"},
				"up": {"uv": [12.5, 9, 14.5, 9.25], "rotation": 90, "texture": "#0"}
			}
		},
		{
			"from": [11.5, 2.5, 10.5],
			"to": [11.75, 4.5, 11.75],
			"rotation": {"angle": 0, "axis": "y", "origin": [7.6875, 3.5, 8.25]},
			"faces": {
				"north": {"uv": [2.25, 9, 2.5, 13], "texture": "#0"},
				"east": {"uv": [0, 9, 2.5, 13], "texture": "#0"},
				"south": {"uv": [0, 9, 0.25, 13], "texture": "#0"},
				"west": {"uv": [2.5, 9, 0, 13], "texture": "#0"},
				"up": {"uv": [0, 9, 2.5, 9.25], "rotation": 270, "texture": "#0"}
			}
		},
		{
			"from": [11.5, 2.5, 4.5],
			"to": [11.75, 4.5, 5.5],
			"rotation": {"angle": 0, "axis": "y", "origin": [7.6875, 3.5, 8.25]},
			"faces": {
				"east": {"uv": [12.5, 9, 14.5, 13], "texture": "#0"},
				"south": {"uv": [12.5, 9, 12.75, 13], "texture": "#0"},
				"west": {"uv": [14.5, 9, 12.5, 13], "texture": "#0"},
				"up": {"uv": [12.5, 9, 14.5, 9.25], "rotation": 270, "texture": "#0"}
			}
		},
		{
			"from": [10.5, 2.5, 4.25],
			"to": [11.75, 4.5, 4.5],
			"rotation": {"angle": 0, "axis": "y", "origin": [7.6875, 3.5, 8.25]},
			"faces": {
				"north": {"uv": [0, 9, 2.5, 13], "texture": "#0"},
				"east": {"uv": [0, 9, 0.25, 13], "texture": "#0"},
				"south": {"uv": [2.5, 9, 0, 13], "texture": "#0"},
				"west": {"uv": [2.25, 9, 2.5, 13], "texture": "#0"},
				"up": {"uv": [0, 9, 2.5, 9.25], "rotation": 180, "texture": "#0"}
			}
		},
		{
			"from": [4.5, 2.5, 4.25],
			"to": [5.5, 4.5, 4.5],
			"rotation": {"angle": 0, "axis": "y", "origin": [7.6875, 3.5, 8.25]},
			"faces": {
				"north": {"uv": [12.5, 9, 14.5, 13], "texture": "#0"},
				"east": {"uv": [12.5, 9, 12.75, 13], "texture": "#0"},
				"south": {"uv": [14.5, 9, 12.5, 13], "texture": "#0"},
				"up": {"uv": [12.5, 9, 14.5, 9.25], "rotation": 180, "texture": "#0"}
			}
		},
		{
			"from": [4.25, 1.5, 11.5],
			"to": [11.5, 2.5, 11.75],
			"rotation": {"angle": 0, "axis": "y", "origin": [8, 1.75, 8]},
			"faces": {
				"north": {"uv": [14.5, 13.5, 0, 14.5], "texture": "#0"},
				"south": {"uv": [0, 13.5, 14.5, 14.5], "texture": "#0"},
				"west": {"uv": [0, 13.5, 0.5, 14.5], "texture": "#0"},
				"up": {"uv": [0, 13.5, 14.5, 14], "texture": "#0"}
			}
		},
		{
			"from": [4, 0, 11.5],
			"to": [11.5, 0.5, 12],
			"rotation": {"angle": 0, "axis": "y", "origin": [8, 1.75, 8]},
			"faces": {
				"north": {"uv": [0, 15.5, 15, 16], "texture": "#0"},
				"south": {"uv": [0, 15.5, 15, 16], "texture": "#0"},
				"west": {"uv": [0, 15.5, 0.5, 16], "texture": "#0"},
				"up": {"uv": [0, 15.5, 15, 16], "rotation": 180, "texture": "#0"},
				"down": {"uv": [0, 15.5, 15, 16], "texture": "#0"}
			}
		},
		{
			"from": [4, 1, 11.5],
			"to": [11.5, 1.5, 12],
			"rotation": {"angle": 0, "axis": "y", "origin": [8, 1.75, 8]},
			"faces": {
				"north": {"uv": [15.25, 14.5, 0.75, 15], "texture": "#0"},
				"south": {"uv": [0, 15.5, 15, 16], "texture": "#0"},
				"west": {"uv": [0, 15.5, 0.5, 16], "texture": "#0"},
				"up": {"uv": [0, 15.5, 15, 16], "rotation": 180, "texture": "#0"},
				"down": {"uv": [0, 15.5, 15, 16], "texture": "#0"}
			}
		},
		{
			"from": [6.25, 2.5, 4.25],
			"to": [7.5, 4, 4.5],
			"rotation": {"angle": 0, "axis": "y", "origin": [8, 1.75, 8]},
			"faces": {
				"north": {"uv": [8.5, 10, 11, 13], "texture": "#0"},
				"east": {"uv": [8.5, 10, 8.75, 13], "texture": "#0"},
				"south": {"uv": [11, 10, 8.5, 13], "texture": "#0"},
				"west": {"uv": [10.75, 10, 11, 13], "texture": "#0"},
				"up": {"uv": [8.5, 10, 11, 10.25], "rotation": 180, "texture": "#0"}
			}
		},
		{
			"from": [8.5, 2.5, 4.25],
			"to": [9.75, 4, 4.5],
			"rotation": {"angle": 0, "axis": "y", "origin": [8, 1.75, 8]},
			"faces": {
				"north": {"uv": [4, 10, 6.5, 13], "texture": "#0"},
				"east": {"uv": [4, 10, 4.25, 13], "texture": "#0"},
				"south": {"uv": [6.5, 10, 4, 13], "texture": "#0"},
				"west": {"uv": [6.25, 10, 6.5, 13], "texture": "#0"},
				"up": {"uv": [4, 10, 6.5, 10.25], "rotation": 180, "texture": "#0"}
			}
		},
		{
			"from": [4.5, 0, 4],
			"to": [12, 0.5, 4.5],
			"rotation": {"angle": 0, "axis": "y", "origin": [8, 1.75, 8]},
			"faces": {
				"north": {"uv": [0, 15.5, 15, 16], "texture": "#0"},
				"east": {"uv": [0, 15.5, 0.5, 16], "texture": "#0"},
				"south": {"uv": [0, 15.5, 15, 16], "texture": "#0"},
				"up": {"uv": [0, 15.5, 15, 16], "texture": "#0"},
				"down": {"uv": [0, 15.5, 15, 16], "rotation": 180, "texture": "#0"}
			}
		},
		{
			"from": [4.5, 0.5, 4.25],
			"to": [11.75, 1, 4.5],
			"rotation": {"angle": 0, "axis": "y", "origin": [8, 1.75, 8]},
			"faces": {
				"north": {"uv": [0, 14.5, 14.5, 15], "texture": "#0"},
				"east": {"uv": [0, 14.5, 0.5, 15], "texture": "#0"},
				"south": {"uv": [15.25, 14.5, 1.25, 15], "texture": "#0"}
			}
		},
		{
			"from": [4.5, 1, 4],
			"to": [12, 1.5, 4.5],
			"rotation": {"angle": 0, "axis": "y", "origin": [8, 1.75, 8]},
			"faces": {
				"north": {"uv": [0, 15.5, 15, 16], "texture": "#0"},
				"east": {"uv": [0, 15.5, 0.5, 16], "texture": "#0"},
				"south": {"uv": [15.25, 14.5, 0.75, 15], "texture": "#0"},
				"up": {"uv": [0, 15.5, 15, 16], "texture": "#0"},
				"down": {"uv": [0, 15.5, 15, 16], "rotation": 180, "texture": "#0"}
			}
		},
		{
			"from": [4.5, 1.5, 4.25],
			"to": [11.75, 2.5, 4.5],
			"rotation": {"angle": 0, "axis": "y", "origin": [8, 1.75, 8]},
			"faces": {
				"north": {"uv": [0, 13.5, 14.5, 14.5], "texture": "#0"},
				"east": {"uv": [0, 13.5, 0.5, 14.5], "texture": "#0"},
				"south": {"uv": [14.5, 13.5, 0, 14.5], "texture": "#0"},
				"up": {"uv": [0, 13.5, 14.5, 14], "rotation": 180, "texture": "#0"}
			}
		}
	],
	"display": {
		"thirdperson_righthand": {
			"translation": [0, 5.5, -1.75]
		},
		"thirdperson_lefthand": {
			"translation": [0, 5.5, -1.75]
		},
		"firstperson_righthand": {
			"translation": [0, 8.75, 0]
		},
		"firstperson_lefthand": {
			"translation": [0, 8.75, 0]
		},
		"ground": {
			"translation": [0, 8.5, 0]
		},
		"gui": {
			"rotation": [30, 45, 0],
			"translation": [0, 5, 0]
		},
		"head": {
			"translation": [0, 19, 0],
			"scale": [1.9, 1.9, 1.9]
		},
		"fixed": {
			"translation": [0, 6, 0]
		}
	},
	"groups": [
		{
			"name": "jewels",
			"origin": [4, 0, 4],
			"color": 0,
			"children": [0, 1, 2, 3, 4, 5, 6, 7, 8, 9, 10, 11, 12, 13, 14, 15]
		},
		{
			"name": "group",
			"origin": [8, 3.25, 8],
			"color": 1,
			"children": [16, 17, 18, 19, 20, 21, 22, 23, 24, 25, 26, 27, 28, 29, 30, 31, 32, 33, 34, 35, 36, 37, 38, 39, 40, 41, 42, 43, 44, 45, 46, 47]
		}
	]
}