{
	"credit": "Made by Squatting_Slav",
	"texture_size": [16, 27],
	"textures": {
		"1": "block/stripped_spruce_log",
		"2": "ve/head",
		"particle": "ve/head"
	},
	"elements": [
		{
			"from": [7.5, -13, 7.5],
			"to": [8.5, 22, 8.5],
			"rotation": {"angle": 0, "axis": "y", "origin": [7.46875, 6.75, 8.00625]},
			"faces": {
				"north": {"uv": [11, 0, 13.5, 16], "texture": "#1"},
				"east": {"uv": [13.5, 0, 16, 16], "texture": "#1"},
				"south": {"uv": [6, 0, 8.5, 16], "texture": "#1"},
				"west": {"uv": [8.5, 0, 11, 16], "texture": "#1"},
				"up": {"uv": [0, 0, 2.5, 1.85714], "texture": "#1"}
			}
		},
		{
			"from": [7.25, 11, 7.25],
			"to": [8.75, 12, 8.75],
			"rotation": {"angle": 0, "axis": "y", "origin": [7.54375, 6.75, 8.25625]},
			"faces": {
				"north": {"uv": [9, 10.66667, 12, 11.85185], "rotation": 180, "texture": "#2"},
				"east": {"uv": [6, 11.25926, 9, 12.44444], "rotation": 180, "texture": "#2"},
				"south": {"uv": [3, 10.66667, 6, 11.85185], "rotation": 180, "texture": "#2"},
				"west": {"uv": [6, 10.66667, 9, 11.85185], "rotation": 180, "texture": "#2"},
				"up": {"uv": [6, 10.66667, 9, 12.44444], "rotation": 180, "texture": "#2"},
				"down": {"uv": [6, 10.66667, 9, 12.44444], "rotation": 180, "texture": "#2"}
			}
		},
		{
			"from": [7.375, -14, 7.375],
			"to": [8.625, -13, 8.625],
			"rotation": {"angle": 0, "axis": "y", "origin": [7.46875, 6.75, 8.00625]},
			"faces": {
				"north": {"uv": [6, 11.25926, 10, 13.03704], "rotation": 180, "texture": "#2"},
				"east": {"uv": [6, 11.25926, 10, 13.03704], "rotation": 180, "texture": "#2"},
				"south": {"uv": [6, 11.25926, 10, 13.03704], "rotation": 180, "texture": "#2"},
				"west": {"uv": [6, 11.25926, 10, 13.03704], "rotation": 180, "texture": "#2"},
				"up": {"uv": [6, 10.66667, 10, 13.03704], "rotation": 180, "texture": "#2"},
				"down": {"uv": [6, 10.66667, 10, 13.03704], "rotation": 180, "texture": "#2"}
			}
		},
		{
			"from": [7.7, 13, 7.375],
			"to": [8.3, 18, 8.625],
			"rotation": {"angle": 0, "axis": "y", "origin": [7.46875, 6.75, 8.00625]},
			"faces": {
				"north": {"uv": [7.10714, 2.23571, 7.78248, 7.39898], "texture": "#2"},
				"east": {"uv": [7.10714, 2.23571, 7.78248, 7.39898], "texture": "#2"},
				"south": {"uv": [7.10714, 2.23571, 7.78248, 7.39898], "texture": "#2"},
				"west": {"uv": [7.10714, 2.23571, 7.78248, 7.39898], "texture": "#2"},
				"up": {"uv": [7.10714, 2.23571, 7.78248, 2.64898], "texture": "#2"},
				"down": {"uv": [7.10714, 6.98571, 7.78248, 7.39898], "texture": "#2"}
			}
		},
		{
			"from": [7.375, 18, 7.375],
			"to": [8.625, 22.5, 8.625],
			"rotation": {"angle": 0, "axis": "y", "origin": [7.46875, 6.75, 8.00625]},
			"faces": {
				"north": {"uv": [6.025, 10.0875, 8.98571, 13.02857], "texture": "#2"},
				"east": {"uv": [6.025, 10.0875, 8.98571, 13.02857], "texture": "#2"},
				"south": {"uv": [6.025, 10.0875, 8.98571, 13.02857], "texture": "#2"},
				"west": {"uv": [6.025, 10.0875, 8.98571, 13.02857], "texture": "#2"},
				"up": {"uv": [6.025, 10.0875, 8.98571, 11.52857], "texture": "#2"},
				"down": {"uv": [6.025, 10.0875, 8.98571, 11.52857], "texture": "#2"}
			}
		},
		{
			"from": [7.875, -16, 7.875],
			"to": [8.125, -15, 8.125],
			"rotation": {"angle": 0, "axis": "y", "origin": [7.59375, 6.75, 8.00625]},
			"faces": {
				"north": {"uv": [6, 10.07407, 7, 11.85185], "rotation": 180, "texture": "#2"},
				"east": {"uv": [6, 10.07407, 7, 11.85185], "rotation": 180, "texture": "#2"},
				"south": {"uv": [6, 10.07407, 7, 11.85185], "rotation": 180, "texture": "#2"},
				"west": {"uv": [6, 10.07407, 7, 11.85185], "rotation": 180, "texture": "#2"},
				"down": {"uv": [6, 11.25926, 7, 11.85185], "rotation": 180, "texture": "#2"}
			}
		},
		{
			"from": [7.625, -15, 7.875],
			"to": [8.375, -14, 8.125],
			"rotation": {"angle": 0, "axis": "y", "origin": [7.59375, 6.75, 8.00625]},
			"faces": {
				"north": {"uv": [6, 10.07407, 9, 12.44444], "rotation": 180, "texture": "#2"},
				"east": {"uv": [6, 10.07407, 9, 12.44444], "rotation": 180, "texture": "#2"},
				"south": {"uv": [6, 10.07407, 9, 12.44444], "rotation": 180, "texture": "#2"},
				"west": {"uv": [6, 10.07407, 9, 12.44444], "rotation": 180, "texture": "#2"},
				"down": {"uv": [6, 11.85185, 9, 12.44444], "rotation": 180, "texture": "#2"}
			}
		},
		{
			"from": [4.2625, 18, 8],
			"to": [11.2625, 32, 8],
			"rotation": {"angle": 0, "axis": "y", "origin": [7.99375, 6.75, 7.90625]},
			"faces": {
				"north": {"uv": [0, 0, 16, 16], "texture": "#2"},
				"east": {"uv": [0, 0, 1, 16], "texture": "#2"},
				"south": {"uv": [16, 0, 0, 16], "texture": "#2"},
				"west": {"uv": [15, 0, 16, 16], "texture": "#2"},
				"up": {"uv": [0, 0, 16, 0.59259], "texture": "#2"},
				"down": {"uv": [0, 16, 16, 15.40741], "texture": "#2"}
			}
		}
	],
	"display": {
		"thirdperson_righthand": {
			"rotation": [0, -90, 0],
			"translation": [0, 6, 1]
		},
		"thirdperson_lefthand": {
			"rotation": [0, 90, 0],
			"translation": [0, 6, 1]
		},
		"firstperson_righthand": {
			"rotation": [0, -90, 0]
		},
		"firstperson_lefthand": {
			"rotation": [0, 90, 0]
		},
		"ground": {
			"translation": [0, 13, 0],
			"scale": [0.6, 0.6, 0.6]
		},
		"gui": {
			"rotation": [180, 0, -135],
			"translation": [-0.25, -0.5, 0],
			"scale": [0.4, 0.4, 0.4]
		},
		"head": {
			"rotation": [109, 90, 0],
			"translation": [-1, 13.25, -11.25]
		},
		"fixed": {
			"rotation": [0, 0, 45],
			"translation": [0.25, -0.5, 0],
			"scale": [0.5, 0.5, 0.5]
		}
	}
}