{
	"credit": "Made by Squatting_Slav",
	"texture_size": [16, 27],
	"textures": {
		"1": "block/stripped_spruce_log",
		"2": "ve/head",
		"particle": "ve/head"
	},
	"elements": [
		{
			"from": [7.5, -13, 7.5],
			"to": [8.5, 22, 8.5],
			"rotation": {"angle": 0, "axis": "y", "origin": [7.46875, 6.75, 8.00625]},
			"faces": {
				"north": {"uv": [7, 0, 10, 16], "texture": "#1"},
				"east": {"uv": [4, 0, 7, 16], "texture": "#1"},
				"south": {"uv": [1, 0, 4, 16], "texture": "#1"},
				"west": {"uv": [10, 0, 13, 16], "texture": "#1"}
			}
		},
		{
			"from": [7.25, 11, 7.25],
			"to": [8.75, 12, 8.75],
			"rotation": {"angle": 0, "axis": "y", "origin": [7.54375, 6.75, 8.25625]},
			"faces": {
				"north": {"uv": [9, 10.66667, 12, 11.85185], "rotation": 180, "texture": "#2"},
				"east": {"uv": [6, 11.25926, 9, 12.44444], "rotation": 180, "texture": "#2"},
				"south": {"uv": [3, 10.66667, 6, 11.85185], "rotation": 180, "texture": "#2"},
				"west": {"uv": [6, 10.66667, 9, 11.85185], "rotation": 180, "texture": "#2"},
				"up": {"uv": [6, 10.66667, 9, 12.44444], "rotation": 180, "texture": "#2"},
				"down": {"uv": [6, 10.66667, 9, 12.44444], "rotation": 180, "texture": "#2"}
			}
		},
		{
			"from": [7.75, 13, 7.425],
			"to": [8.25, 18, 8.575],
			"rotation": {"angle": 0, "axis": "y", "origin": [7.51875, 6.75, 7.95625]},
			"faces": {
				"north": {"uv": [7, 2.37037, 8, 5.33333], "texture": "#2"},
				"east": {"uv": [7, 2.37037, 8, 5.33333], "texture": "#2"},
				"south": {"uv": [7, 2.37037, 8, 5.33333], "texture": "#2"},
				"west": {"uv": [7, 2.37037, 8, 5.33333], "texture": "#2"},
				"down": {"uv": [7, 4.74074, 8, 5.33333], "texture": "#2"}
			}
		},
		{
			"from": [7.425, 18, 7.425],
			"to": [8.575, 22.5, 8.575],
			"rotation": {"angle": 0, "axis": "y", "origin": [7.51875, 6.75, 8.00625]},
			"faces": {
				"north": {"uv": [6.025, 10.0875, 8.98571, 13.02857], "texture": "#2"},
				"east": {"uv": [6.025, 10.0875, 8.98571, 13.02857], "texture": "#2"},
				"south": {"uv": [6.025, 10.0875, 8.98571, 13.02857], "texture": "#2"},
				"west": {"uv": [6.025, 10.0875, 8.98571, 13.02857], "texture": "#2"},
				"up": {"uv": [6.025, 10.0875, 8.98571, 11.52857], "texture": "#2"},
				"down": {"uv": [6.025, 10.0875, 8.98571, 11.52857], "texture": "#2"}
			}
		},
		{
			"from": [7.75, 23, 7.75],
			"to": [8.25, 32, 8.25],
			"rotation": {"angle": 0, "axis": "y", "origin": [7.46875, 6.75, 8.38125]},
			"faces": {
				"north": {"uv": [7.025, 0.01343, 7.98571, 10.06561], "texture": "#2"},
				"east": {"uv": [7.025, 0.01343, 7.98571, 10.06561], "texture": "#2"},
				"south": {"uv": [7.025, 0.01343, 7.98571, 10.06561], "texture": "#2"},
				"west": {"uv": [7.025, 0.01343, 7.98571, 10.06561], "texture": "#2"},
				"up": {"uv": [7.025, 0.01343, 7.98571, 0.58413], "texture": "#2"}
			}
		},
		{
			"from": [7.25, 22.5, 7.75],
			"to": [8.75, 23, 8.25],
			"rotation": {"angle": 0, "axis": "y", "origin": [7.46875, 6.75, 8.38125]},
			"faces": {
				"north": {"uv": [6.025, 10.0875, 8.98571, 10.6582], "texture": "#2"},
				"east": {"uv": [6.025, 10.0875, 6.98571, 10.6582], "texture": "#2"},
				"south": {"uv": [6.025, 10.0875, 8.98571, 10.6582], "texture": "#2"},
				"west": {"uv": [8.025, 10.0875, 8.98571, 10.6582], "texture": "#2"},
				"up": {"uv": [6.025, 10.0875, 8.98571, 10.6582], "texture": "#2"}
			}
		},
		{
			"from": [8.25, 21.5, 7.75],
			"to": [11.75, 22, 8.25],
			"rotation": {"angle": 0, "axis": "y", "origin": [7.46875, 6.75, 8.38125]},
			"faces": {
				"north": {"uv": [0, 11.27269, 6.96071, 11.84339], "texture": "#2"},
				"east": {"uv": [0, 11.27269, 1, 11.84339], "texture": "#2"},
				"south": {"uv": [0, 11.27269, 6.96071, 11.84339], "texture": "#2"},
				"up": {"uv": [0, 11.27269, 6.96071, 11.84339], "texture": "#2"},
				"down": {"uv": [0, 11.27269, 6.96071, 11.84339], "texture": "#2"}
			}
		},
		{
			"from": [8.25, 22, 7.75],
			"to": [10.25, 22.5, 8.25],
			"rotation": {"angle": 0, "axis": "y", "origin": [7.46875, 6.75, 8.38125]},
			"faces": {
				"north": {"uv": [3.025, 10.68009, 3.98571, 11.25079], "texture": "#2"},
				"east": {"uv": [3.025, 10.68009, 3.98571, 11.25079], "texture": "#2"},
				"south": {"uv": [3.025, 10.68009, 3.98571, 11.25079], "texture": "#2"},
				"up": {"uv": [3.025, 10.68009, 3.98571, 11.25079], "texture": "#2"}
			}
		},
		{
			"from": [8.25, 21, 7.75],
			"to": [9.75, 21.5, 8.25],
			"rotation": {"angle": 0, "axis": "y", "origin": [7.46875, 6.75, 8.38125]},
			"faces": {
				"north": {"uv": [4.025, 11.86528, 6.98571, 12.43598], "texture": "#2"},
				"east": {"uv": [4.025, 11.86528, 4.98571, 12.43598], "texture": "#2"},
				"south": {"uv": [4.025, 11.86528, 6.98571, 12.43598], "texture": "#2"},
				"down": {"uv": [4.025, 11.86528, 6.98571, 12.43598], "texture": "#2"}
			}
		},
		{
			"from": [6.25, 21, 7.75],
			"to": [7.75, 22.5, 8.25],
			"rotation": {"angle": 0, "axis": "y", "origin": [7.46875, 6.75, 8.38125]},
			"faces": {
				"north": {"uv": [8.025, 10.68009, 10.98571, 12.43598], "texture": "#2"},
				"south": {"uv": [8.025, 10.68009, 10.98571, 12.43598], "texture": "#2"},
				"up": {"uv": [8.025, 10.68009, 10.98571, 11.25079], "texture": "#2"},
				"down": {"uv": [8.025, 11.86528, 10.98571, 12.43598], "texture": "#2"}
			}
		},
		{
			"from": [5.75, 20.5, 7.75],
			"to": [6.25, 23, 8.25],
			"rotation": {"angle": 0, "axis": "y", "origin": [7.46875, 6.75, 8.38125]},
			"faces": {
				"north": {"uv": [11.025, 10.0875, 11.98571, 13.02857], "texture": "#2"},
				"east": {"uv": [11.025, 10.0875, 11.98571, 13.02857], "texture": "#2"},
				"south": {"uv": [11.025, 10.0875, 11.98571, 13.02857], "texture": "#2"},
				"west": {"uv": [11.025, 10.0875, 11.98571, 13.02857], "texture": "#2"},
				"up": {"uv": [11.025, 10.0875, 11.98571, 10.6582], "texture": "#2"},
				"down": {"uv": [11.025, 12.45787, 11.98571, 13.02857], "texture": "#2"}
			}
		},
		{
			"from": [4.25, 19.5, 7.75],
			"to": [4.75, 21.5, 8.25],
			"rotation": {"angle": 0, "axis": "y", "origin": [7.46875, 6.75, 8.38125]},
			"faces": {
				"north": {"uv": [14.025, 11.86528, 14.98571, 14.21376], "texture": "#2"},
				"east": {"uv": [14.025, 11.86528, 14.98571, 14.21376], "texture": "#2"},
				"south": {"uv": [14.025, 11.86528, 14.98571, 14.21376], "texture": "#2"},
				"west": {"uv": [14.025, 11.86528, 14.98571, 14.21376], "texture": "#2"},
				"up": {"uv": [14.025, 11.86528, 14.98571, 12.43598], "texture": "#2"},
				"down": {"uv": [14.025, 13.64306, 14.98571, 14.21376], "texture": "#2"}
			}
		},
		{
			"from": [5.25, 22, 7.75],
			"to": [5.75, 24, 8.25],
			"rotation": {"angle": 0, "axis": "y", "origin": [7.46875, 6.75, 8.38125]},
			"faces": {
				"north": {"uv": [12.025, 8.90231, 12.98571, 11.25079], "texture": "#2"},
				"east": {"uv": [12.025, 8.90231, 12.98571, 11.25079], "texture": "#2"},
				"south": {"uv": [12.025, 8.90231, 12.98571, 11.25079], "texture": "#2"},
				"west": {"uv": [12.025, 8.90231, 12.98571, 11.25079], "texture": "#2"},
				"up": {"uv": [12.025, 8.90231, 12.98571, 9.47302], "texture": "#2"},
				"down": {"uv": [12.025, 10.68009, 12.98571, 11.25079], "texture": "#2"}
			}
		},
		{
			"from": [4.75, 22.5, 7.75],
			"to": [5.25, 25, 8.25],
			"rotation": {"angle": 0, "axis": "y", "origin": [7.46875, 6.75, 8.38125]},
			"faces": {
				"north": {"uv": [13.025, 7.71713, 13.98571, 10.6582], "texture": "#2"},
				"east": {"uv": [13.025, 7.71713, 13.98571, 10.6582], "texture": "#2"},
				"south": {"uv": [13.025, 7.71713, 13.98571, 10.6582], "texture": "#2"},
				"west": {"uv": [13.025, 7.71713, 13.98571, 10.6582], "texture": "#2"},
				"up": {"uv": [13.025, 7.71713, 13.98571, 8.28783], "texture": "#2"},
				"down": {"uv": [13.025, 10.0875, 13.98571, 10.6582], "texture": "#2"}
			}
		},
		{
			"from": [5.25, 20, 7.75],
			"to": [5.75, 21.5, 8.25],
			"rotation": {"angle": 0, "axis": "y", "origin": [7.46875, 6.75, 8.38125]},
			"faces": {
				"north": {"uv": [12.025, 11.86528, 12.98571, 13.62116], "texture": "#2"},
				"east": {"uv": [12.025, 11.86528, 12.98571, 13.62116], "texture": "#2"},
				"south": {"uv": [12.025, 11.86528, 12.98571, 13.62116], "texture": "#2"},
				"west": {"uv": [12.025, 11.86528, 12.98571, 13.62116], "texture": "#2"},
				"up": {"uv": [12.025, 11.86528, 12.98571, 12.43598], "texture": "#2"},
				"down": {"uv": [12.025, 13.05046, 12.98571, 13.62116], "texture": "#2"}
			}
		},
		{
			"from": [4.75, 18.5, 7.75],
			"to": [5.25, 21, 8.25],
			"rotation": {"angle": 0, "axis": "y", "origin": [7.46875, 6.75, 8.38125]},
			"faces": {
				"north": {"uv": [13.025, 12.45787, 13.98571, 15.39894], "texture": "#2"},
				"east": {"uv": [13.025, 12.45787, 13.98571, 15.39894], "texture": "#2"},
				"south": {"uv": [13.025, 12.45787, 13.98571, 15.39894], "texture": "#2"},
				"west": {"uv": [13.025, 12.45787, 13.98571, 15.39894], "texture": "#2"},
				"up": {"uv": [12.025, 11.86528, 12.98571, 12.43598], "texture": "#2"},
				"down": {"uv": [13.025, 14.82824, 13.98571, 15.39894], "texture": "#2"}
			}
		},
		{
			"from": [4.25, 22, 7.75],
			"to": [4.75, 24.5, 8.25],
			"rotation": {"angle": 0, "axis": "y", "origin": [7.46875, 6.75, 8.38125]},
			"faces": {
				"north": {"uv": [14.025, 8.30972, 14.98571, 11.25079], "texture": "#2"},
				"east": {"uv": [14.025, 8.30972, 14.98571, 11.25079], "texture": "#2"},
				"south": {"uv": [14.025, 8.30972, 14.98571, 11.25079], "texture": "#2"},
				"west": {"uv": [14.025, 8.30972, 14.98571, 11.25079], "texture": "#2"},
				"up": {"uv": [14.025, 8.30972, 14.98571, 8.88042], "texture": "#2"},
				"down": {"uv": [14.025, 10.68009, 14.98571, 11.25079], "texture": "#2"}
			}
		},
		{
			"from": [3.75, 20, 7.75],
			"to": [4.25, 23.5, 8.25],
			"rotation": {"angle": 0, "axis": "y", "origin": [7.46875, 6.75, 8.38125]},
			"faces": {
				"north": {"uv": [15.03929, 9.49491, 16, 13.62116], "texture": "#2"},
				"east": {"uv": [14.03929, 10.68009, 15, 11.25079], "texture": "#2"},
				"south": {"uv": [15.03929, 9.49491, 16, 13.62116], "texture": "#2"},
				"west": {"uv": [15.03929, 9.49491, 16, 13.62116], "texture": "#2"},
				"up": {"uv": [15.03929, 9.49491, 16, 10.06561], "texture": "#2"},
				"down": {"uv": [15.03929, 13.05046, 16, 13.62116], "texture": "#2"}
			}
		},
		{
			"from": [5.25, 25, 7.75],
			"to": [5.75, 25.5, 8.25],
			"rotation": {"angle": 0, "axis": "y", "origin": [7.46875, 6.75, 8.38125]},
			"faces": {
				"north": {"uv": [12.025, 7.12454, 12.98571, 7.69524], "texture": "#2"},
				"east": {"uv": [12.025, 7.12454, 12.98571, 7.69524], "texture": "#2"},
				"south": {"uv": [12.025, 7.12454, 12.98571, 7.69524], "texture": "#2"},
				"west": {"uv": [12.025, 7.12454, 12.98571, 7.69524], "texture": "#2"},
				"up": {"uv": [12.025, 7.12454, 12.98571, 7.69524], "texture": "#2"},
				"down": {"uv": [12.025, 7.12454, 12.98571, 7.69524], "texture": "#2"}
			}
		},
		{
			"from": [5.25, 18, 7.75],
			"to": [5.75, 18.5, 8.25],
			"rotation": {"angle": 0, "axis": "y", "origin": [7.46875, 6.75, 8.38125]},
			"faces": {
				"north": {"uv": [12.025, 15.4293, 12.98571, 16], "texture": "#2"},
				"east": {"uv": [12.025, 15.4293, 12.98571, 16], "texture": "#2"},
				"south": {"uv": [12.025, 15.4293, 12.98571, 16], "texture": "#2"},
				"west": {"uv": [12.025, 15.4293, 12.98571, 16], "texture": "#2"},
				"up": {"uv": [12.025, 15.4293, 12.98571, 16], "texture": "#2"},
				"down": {"uv": [12.025, 15.4293, 12.98571, 16], "texture": "#2"}
			}
		},
		{
			"from": [6.75, 20.5, 7.75],
			"to": [7.75, 21, 8.25],
			"rotation": {"angle": 0, "axis": "y", "origin": [7.46875, 6.75, 8.38125]},
			"faces": {
				"north": {"uv": [8.025, 12.45787, 9.98571, 13.02857], "texture": "#2"},
				"south": {"uv": [8.025, 12.45787, 9.98571, 13.02857], "texture": "#2"},
				"west": {"uv": [9.025, 12.45787, 9.98571, 13.02857], "texture": "#2"},
				"up": {"uv": [8.025, 12.45787, 9.98571, 13.02857], "texture": "#2"},
				"down": {"uv": [8.025, 12.45787, 9.98571, 13.02857], "texture": "#2"}
			}
		},
		{
			"from": [7.75, -16, 7.75],
			"to": [8.25, -15, 8.25],
			"rotation": {"angle": 0, "axis": "y", "origin": [7.59375, 6.75, 7.88125]},
			"faces": {
				"north": {"uv": [6, 10.07407, 7, 11.85185], "rotation": 180, "texture": "#2"},
				"east": {"uv": [6, 10.07407, 7, 11.85185], "rotation": 180, "texture": "#2"},
				"south": {"uv": [6, 10.07407, 7, 11.85185], "rotation": 180, "texture": "#2"},
				"west": {"uv": [6, 10.07407, 7, 11.85185], "rotation": 180, "texture": "#2"},
				"down": {"uv": [6, 11.25926, 7, 11.85185], "rotation": 180, "texture": "#2"}
			}
		},
		{
			"from": [7.375, -14, 7.375],
			"to": [8.625, -13, 8.625],
			"rotation": {"angle": 0, "axis": "y", "origin": [7.46875, 6.75, 8.00625]},
			"faces": {
				"north": {"uv": [6, 11.25926, 9, 12.44444], "rotation": 180, "texture": "#2"},
				"east": {"uv": [6, 11.25926, 9, 12.44444], "rotation": 180, "texture": "#2"},
				"south": {"uv": [6, 11.25926, 9, 12.44444], "rotation": 180, "texture": "#2"},
				"west": {"uv": [6, 11.25926, 9, 12.44444], "rotation": 180, "texture": "#2"},
				"up": {"uv": [6, 10.66667, 9, 12.44444], "rotation": 180, "texture": "#2"},
				"down": {"uv": [6, 10.66667, 9, 12.44444], "rotation": 180, "texture": "#2"}
			}
		},
		{
			"from": [7.5, -15, 7.75],
			"to": [8.5, -14, 8.25],
			"rotation": {"angle": 0, "axis": "y", "origin": [7.59375, 6.75, 7.88125]},
			"faces": {
				"north": {"uv": [6, 10.07407, 8, 11.25926], "rotation": 180, "texture": "#2"},
				"east": {"uv": [6, 10.07407, 7, 11.25926], "rotation": 180, "texture": "#2"},
				"south": {"uv": [6, 10.07407, 8, 11.25926], "rotation": 180, "texture": "#2"},
				"west": {"uv": [7, 10.07407, 8, 11.25926], "rotation": 180, "texture": "#2"},
				"down": {"uv": [6, 10.66667, 8, 11.25926], "rotation": 180, "texture": "#2"}
			}
		}
	],
	"display": {
		"thirdperson_righthand": {
			"rotation": [0, -90, 0],
			"translation": [0, 6, 1]
		},
		"thirdperson_lefthand": {
			"rotation": [0, 90, 0],
			"translation": [0, 6, 1]
		},
		"firstperson_righthand": {
			"rotation": [0, -90, 0]
		},
		"firstperson_lefthand": {
			"rotation": [0, 90, 0]
		},
		"ground": {
			"translation": [0, 13, 0],
			"scale": [0.6, 0.6, 0.6]
		},
		"gui": {
			"rotation": [180, 0, -135],
			"translation": [-0.25, -0.5, 0],
			"scale": [0.4, 0.4, 0.4]
		},
		"head": {
			"rotation": [109, 90, 0],
			"translation": [-1, 13.25, -11.25]
		},
		"fixed": {
			"rotation": [0, 0, 45],
			"translation": [0.25, -0.5, 0],
			"scale": [0.5, 0.5, 0.5]
		}
	},
	"groups": [
		{
			"name": "shaft",
			"origin": [7.54375, 6.75, 8.25625],
			"color": 0,
			"children": [0, 1]
		},
		{
			"name": "socket",
			"origin": [7.46875, 6.75, 8.00625],
			"color": 0,
			"children": [2, 3]
		},
		{
			"name": "point",
			"origin": [7.46875, 6.75, 8.38125],
			"color": 0,
			"children": [4, 5]
		},
		{
			"name": "beak",
			"origin": [7.46875, 6.75, 8.38125],
			"color": 0,
			"children": [6, 7, 8]
		},
		{
			"name": "blade",
			"origin": [7.46875, 6.75, 8.38125],
			"color": 0,
			"children": [9, 10, 11, 12, 13, 14, 15, 16, 17, 18, 19, 20]
		},
		{
			"name": "pommel",
			"origin": [7.59375, 6.75, 8.00625],
			"color": 0,
			"children": [21, 22, 23]
		}
	]
}