{
	"credit": "Made by Squatting_Slav",
	"texture_size": [64, 32],
	"textures": {
		"0": "ve/shc",
		"particle": "ve/shc"
	},
	"elements": [
		{
			"from": [-1.4, -2.72951, -4.2875],
			"to": [1.4, 2.57049, 1.0125],
			"rotation": {"angle": 0, "axis": "y", "origin": [0, -3.07951, -3.0375]},
			"faces": {
				"north": {"uv": [15.84, 0.42667, 0, 2.98667], "texture": "#0"},
				"east": {"uv": [15.84, 0.42667, 0, 2.98667], "texture": "#0"},
				"south": {"uv": [15.84, 0.42667, 0, 2.98667], "texture": "#0"},
				"west": {"uv": [15.84, 0.42667, 0, 2.98667], "texture": "#0"},
				"up": {"uv": [15.84, 0.42667, 0, 2.98667], "texture": "#0"},
				"down": {"uv": [15.84, 0.42667, 0, 2.98667], "texture": "#0"}
			}
		},
		{
			"from": [-2.325, 3.67049, 1.4625],
			"to": [-1.575, 4.12049, 1.7626],
			"rotation": {"angle": -22.5, "axis": "z", "origin": [-1.65, 3.89549, 2.2125]},
			"faces": {
				"south": {"uv": [0.2, 0.8, 15.06667, 2.26667], "texture": "#0"},
				"up": {"uv": [2, 1.2, 14.18667, 2], "texture": "#0"},
				"down": {"uv": [14.08, -8.85333, 0.6, -10.96], "texture": "#0"}
			}
		},
		{
			"from": [-1.68425, 3.72328, 1.4625],
			"to": [-1.15925, 4.09828, 1.7625],
			"rotation": {"angle": 0, "axis": "z", "origin": [-1.23425, 3.72328, 2.2125]},
			"faces": {
				"east": {"uv": [0.33333, 0.8, 14.8, 2.53333], "texture": "#0"},
				"south": {"uv": [0.2, 0.8, 15.06667, 2.26667], "texture": "#0"},
				"up": {"uv": [1, 0, 14.98667, 2], "texture": "#0"},
				"down": {"uv": [14.48, -10.05333, 0.6, -11.76], "texture": "#0"}
			}
		},
		{
			"from": [-2.925, 2.72049, 1.4625],
			"to": [-2.325, 4.12049, 1.7625],
			"rotation": {"angle": -22.5, "axis": "z", "origin": [-1.65, 3.89549, 2.2125]},
			"faces": {
				"east": {"uv": [0.33333, 0.4, 14.2, 2.53333], "texture": "#0"},
				"south": {"uv": [0.2, 0.8, 15.06667, 2.26667], "texture": "#0"},
				"west": {"uv": [1.2, 0.8, 0, 0.4], "texture": "#0"},
				"up": {"uv": [0.6, 0.4, 14.18667, 2.4], "texture": "#0"},
				"down": {"uv": [13.88, -8.85333, 0.4, -10.96], "texture": "#0"}
			}
		},
		{
			"from": [-3.18331, 1.99483, 1.4625],
			"to": [-2.65831, 3.11983, 1.7626],
			"rotation": {"angle": 45, "axis": "z", "origin": [-3.40831, 2.96983, 2.2125]},
			"faces": {
				"east": {"uv": [0.73333, 0.8, 15.36, 2.93333], "texture": "#0"},
				"south": {"uv": [0.2, 0.8, 15.06667, 2.26667], "texture": "#0"},
				"west": {"uv": [0, 1.2, 2.8, 0.8], "texture": "#0"},
				"up": {"uv": [1, 0.8, 15.33333, 2.8], "texture": "#0"},
				"down": {"uv": [15.48, -11.25333, 0.8, -13.36], "texture": "#0"}
			}
		},
		{
			"from": [-2.93745, 1.727, 1.4625],
			"to": [-2.41245, 3.027, 1.7625],
			"rotation": {"angle": -22.5, "axis": "z", "origin": [-2.82495, 2.4395, 2.2125]},
			"faces": {
				"east": {"uv": [0.73333, 0.8, 15.36, 2.93333], "texture": "#0"},
				"south": {"uv": [0.2, 0.8, 15.06667, 2.26667], "texture": "#0"},
				"west": {"uv": [0, 1.2, 2.8, 0.8], "texture": "#0"},
				"up": {"uv": [1, 0.8, 15.33333, 2.8], "texture": "#0"},
				"down": {"uv": [15.48, -11.25333, 0.8, -13.36], "texture": "#0"}
			}
		},
		{
			"from": [-2.81321, 0.47245, 1.4625],
			"to": [-2.21321, 1.82245, 1.7626],
			"rotation": {"angle": -45, "axis": "z", "origin": [-2.70071, 2.34745, 2.2125]},
			"faces": {
				"east": {"uv": [0.73333, 0.8, 15.36, 2.93333], "texture": "#0"},
				"south": {"uv": [0.2, 0.8, 15.06667, 2.26667], "texture": "#0"},
				"west": {"uv": [0, 1.2, 2.8, 0.8], "texture": "#0"},
				"up": {"uv": [1, 0.8, 15.33333, 2.8], "texture": "#0"},
				"down": {"uv": [15.48, -11.25333, 0.8, -13.36], "texture": "#0"}
			}
		},
		{
			"from": [-4.88745, 0.602, 1.4625],
			"to": [-3.21245, 1.277, 1.7625],
			"rotation": {"angle": -22.5, "axis": "z", "origin": [-3.27495, 1.8395, 2.2125]},
			"faces": {
				"east": {"uv": [0.73333, 0.8, 15.36, 2.93333], "texture": "#0"},
				"south": {"uv": [0.2, 0.8, 15.06667, 2.26667], "texture": "#0"},
				"west": {"uv": [0, 1.2, 2.8, 0.8], "texture": "#0"},
				"up": {"uv": [1, 0.8, 15.33333, 2.8], "texture": "#0"},
				"down": {"uv": [15.48, -11.25333, 0.8, -13.36], "texture": "#0"}
			}
		},
		{
			"from": [-5.2427, 1.32424, 1.4625],
			"to": [-4.7927, 2.72424, 1.7626],
			"rotation": {"angle": 0, "axis": "z", "origin": [-5.0552, 2.04924, 2.2125]},
			"faces": {
				"east": {"uv": [0.73333, 0.8, 15.36, 2.93333], "texture": "#0"},
				"south": {"uv": [0.2, 0.8, 15.06667, 2.26667], "texture": "#0"},
				"west": {"uv": [0, 1.2, 2.8, 0.8], "texture": "#0"},
				"up": {"uv": [1, 0.8, 15.33333, 2.8], "texture": "#0"},
				"down": {"uv": [15.48, -11.25333, 0.8, -13.36], "texture": "#0"}
			}
		},
		{
			"from": [-5.0177, 2.64924, 1.4625],
			"to": [-4.6427, 3.32424, 1.7625],
			"rotation": {"angle": -22.5, "axis": "z", "origin": [-5.0927, 3.32424, 2.2125]},
			"faces": {
				"east": {"uv": [0.73333, 0.8, 15.36, 2.93333], "texture": "#0"},
				"south": {"uv": [0.2, 0.8, 15.06667, 2.26667], "texture": "#0"},
				"west": {"uv": [0, 1.2, 2.8, 0.8], "texture": "#0"},
				"up": {"uv": [1, 0.8, 15.33333, 2.8], "texture": "#0"},
				"down": {"uv": [15.48, -11.25333, 0.8, -13.36], "texture": "#0"}
			}
		},
		{
			"from": [-4.75567, 3.13744, 1.4625],
			"to": [-4.45567, 3.81244, 1.7626],
			"rotation": {"angle": -45, "axis": "z", "origin": [-4.75567, 3.54994, 2.2125]},
			"faces": {
				"east": {"uv": [0.73333, 0.8, 15.36, 2.93333], "texture": "#0"},
				"south": {"uv": [0.2, 0.8, 15.06667, 2.26667], "texture": "#0"},
				"west": {"uv": [0, 1.2, 2.8, 0.8], "texture": "#0"},
				"up": {"uv": [1, 0.8, 15.33333, 2.8], "texture": "#0"},
				"down": {"uv": [15.48, -11.25333, 0.8, -13.36], "texture": "#0"}
			}
		},
		{
			"from": [4.45567, 3.13744, 1.4625],
			"to": [4.75567, 3.81244, 1.7626],
			"rotation": {"angle": 45, "axis": "z", "origin": [4.75567, 3.54994, 2.2125]},
			"faces": {
				"east": {"uv": [0.73333, 0.8, 15.36, 2.93333], "texture": "#0"},
				"south": {"uv": [0.2, 0.8, 15.06667, 2.26667], "texture": "#0"},
				"west": {"uv": [0, 1.2, 2.8, 0.8], "texture": "#0"},
				"up": {"uv": [1, 0.8, 15.33333, 2.8], "texture": "#0"},
				"down": {"uv": [15.48, -11.25333, 0.8, -13.36], "texture": "#0"}
			}
		},
		{
			"from": [4.6427, 2.69924, 1.4625],
			"to": [5.0177, 3.32424, 1.7625],
			"rotation": {"angle": 22.5, "axis": "z", "origin": [5.0927, 3.32424, 2.2125]},
			"faces": {
				"east": {"uv": [0.73333, 0.8, 15.36, 2.93333], "texture": "#0"},
				"south": {"uv": [0.2, 0.8, 15.06667, 2.26667], "texture": "#0"},
				"west": {"uv": [0, 1.2, 2.8, 0.8], "texture": "#0"},
				"up": {"uv": [1, 0.8, 15.33333, 2.8], "texture": "#0"},
				"down": {"uv": [15.48, -11.25333, 0.8, -13.36], "texture": "#0"}
			}
		},
		{
			"from": [4.7927, 1.32424, 1.4625],
			"to": [5.2427, 2.72424, 1.7626],
			"rotation": {"angle": 0, "axis": "z", "origin": [5.0552, 2.04924, 2.2125]},
			"faces": {
				"east": {"uv": [0.73333, 0.8, 15.36, 2.93333], "texture": "#0"},
				"south": {"uv": [0.2, 0.8, 15.06667, 2.26667], "texture": "#0"},
				"west": {"uv": [0, 1.2, 2.8, 0.8], "texture": "#0"},
				"up": {"uv": [1, 0.8, 15.33333, 2.8], "texture": "#0"},
				"down": {"uv": [15.48, -11.25333, 0.8, -13.36], "texture": "#0"}
			}
		},
		{
			"from": [3.21245, 0.602, 1.4625],
			"to": [4.88745, 1.277, 1.7625],
			"rotation": {"angle": 22.5, "axis": "z", "origin": [3.27495, 1.8395, 2.2125]},
			"faces": {
				"east": {"uv": [0.73333, 0.8, 15.36, 2.93333], "texture": "#0"},
				"south": {"uv": [0.2, 0.8, 15.06667, 2.26667], "texture": "#0"},
				"west": {"uv": [0, 1.2, 2.8, 0.8], "texture": "#0"},
				"up": {"uv": [1, 0.8, 15.33333, 2.8], "texture": "#0"},
				"down": {"uv": [15.48, -11.25333, 0.8, -13.36], "texture": "#0"}
			}
		},
		{
			"from": [2.21321, 0.47245, 1.4625],
			"to": [2.81321, 1.82245, 1.7626],
			"rotation": {"angle": 45, "axis": "z", "origin": [2.70071, 2.34745, 2.2125]},
			"faces": {
				"east": {"uv": [0.73333, 0.8, 15.36, 2.93333], "texture": "#0"},
				"south": {"uv": [0.2, 0.8, 15.06667, 2.26667], "texture": "#0"},
				"west": {"uv": [0, 1.2, 2.8, 0.8], "texture": "#0"},
				"up": {"uv": [1, 0.8, 15.33333, 2.8], "texture": "#0"},
				"down": {"uv": [15.48, -11.25333, 0.8, -13.36], "texture": "#0"}
			}
		},
		{
			"from": [2.41245, 1.727, 1.4625],
			"to": [2.93745, 3.027, 1.7625],
			"rotation": {"angle": 22.5, "axis": "z", "origin": [2.82495, 2.4395, 2.2125]},
			"faces": {
				"east": {"uv": [0.73333, 0.8, 15.36, 2.93333], "texture": "#0"},
				"south": {"uv": [0.2, 0.8, 15.06667, 2.26667], "texture": "#0"},
				"west": {"uv": [0, 1.2, 2.8, 0.8], "texture": "#0"},
				"up": {"uv": [1, 0.8, 15.33333, 2.8], "texture": "#0"},
				"down": {"uv": [15.48, -11.25333, 0.8, -13.36], "texture": "#0"}
			}
		},
		{
			"from": [2.65831, 1.99483, 1.4625],
			"to": [3.18331, 3.11983, 1.7626],
			"rotation": {"angle": -45, "axis": "z", "origin": [3.40831, 2.96983, 2.2125]},
			"faces": {
				"east": {"uv": [0.73333, 0.8, 15.36, 2.93333], "texture": "#0"},
				"south": {"uv": [0.2, 0.8, 15.06667, 2.26667], "texture": "#0"},
				"west": {"uv": [0, 1.2, 2.8, 0.8], "texture": "#0"},
				"up": {"uv": [1, 0.8, 15.33333, 2.8], "texture": "#0"},
				"down": {"uv": [15.48, -11.25333, 0.8, -13.36], "texture": "#0"}
			}
		},
		{
			"from": [2.325, 2.72049, 1.4625],
			"to": [2.925, 4.12049, 1.7625],
			"rotation": {"angle": 22.5, "axis": "z", "origin": [1.65, 3.89549, 2.2125]},
			"faces": {
				"east": {"uv": [0.73333, 0.8, 15.36, 2.93333], "texture": "#0"},
				"south": {"uv": [0.2, 0.8, 15.06667, 2.26667], "texture": "#0"},
				"west": {"uv": [0, 1.2, 2.8, 0.8], "texture": "#0"},
				"up": {"uv": [1, 0.8, 15.33333, 2.8], "texture": "#0"},
				"down": {"uv": [15.48, -11.25333, 0.8, -13.36], "texture": "#0"}
			}
		},
		{
			"from": [1.575, 3.67049, 1.4625],
			"to": [2.325, 4.12049, 1.7626],
			"rotation": {"angle": 22.5, "axis": "z", "origin": [1.65, 3.89549, 2.2125]},
			"faces": {
				"east": {"uv": [0.73333, 0.8, 15.36, 2.93333], "texture": "#0"},
				"south": {"uv": [0.2, 0.8, 15.06667, 2.26667], "texture": "#0"},
				"west": {"uv": [0, 1.2, 2.8, 0.8], "texture": "#0"},
				"up": {"uv": [1, 0.8, 15.33333, 2.8], "texture": "#0"},
				"down": {"uv": [15.48, -11.25333, 0.8, -13.36], "texture": "#0"}
			}
		},
		{
			"from": [1.15925, 3.72328, 1.4625],
			"to": [1.68425, 4.09828, 1.7625],
			"rotation": {"angle": 0, "axis": "z", "origin": [1.23425, 3.72328, 2.2125]},
			"faces": {
				"east": {"uv": [0.73333, 0.8, 15.36, 2.93333], "texture": "#0"},
				"south": {"uv": [0.2, 0.8, 15.06667, 2.26667], "texture": "#0"},
				"west": {"uv": [0, 1.2, 2.8, 0.8], "texture": "#0"},
				"up": {"uv": [1, 0.8, 15.33333, 2.8], "texture": "#0"},
				"down": {"uv": [15.48, -11.25333, 0.8, -13.36], "texture": "#0"}
			}
		},
		{
			"from": [-4.5, 5.84549, 1.0125],
			"to": [4.5, 6.82049, 1.4625],
			"rotation": {"angle": 0, "axis": "y", "origin": [0, -3.07951, -3.0375]},
			"faces": {
				"north": {"uv": [15.8, 13.2, 0, 16], "texture": "#0"},
				"south": {"uv": [0.2, 13.2, 16, 16], "texture": "#0"}
			}
		},
		{
			"from": [-6.3, -2.32951, 1.0125],
			"to": [6.3, 0.67049, 1.4625],
			"rotation": {"angle": 0, "axis": "y", "origin": [0, -3.07951, -3.0375]},
			"faces": {
				"north": {"uv": [15.8, 13.2, 0, 16], "texture": "#0"},
				"south": {"uv": [0.2, 13.2, 16, 16], "texture": "#0"}
			}
		},
		{
			"from": [-3.375, -6.00451, 1.0125],
			"to": [3.375, -4.65451, 1.4625],
			"rotation": {"angle": 0, "axis": "y", "origin": [0, -3.07951, -3.0375]},
			"faces": {
				"north": {"uv": [15.8, 13.2, 0, 16], "texture": "#0"},
				"south": {"uv": [0.2, 13.2, 16, 16], "texture": "#0"}
			}
		},
		{
			"from": [-5.1, -4.65451, 1.0125],
			"to": [5.1, -2.32951, 1.4625],
			"rotation": {"angle": 0, "axis": "y", "origin": [0, -3.07951, -3.0375]},
			"faces": {
				"north": {"uv": [15.8, 13.2, 0, 16], "texture": "#0"},
				"south": {"uv": [0.2, 13.2, 16, 16], "texture": "#0"}
			}
		},
		{
			"from": [-6.75, 0.67049, 1.0125],
			"to": [6.75, 5.84549, 1.4625],
			"rotation": {"angle": 0, "axis": "y", "origin": [0, -3.07951, -3.0375]},
			"faces": {
				"north": {"uv": [15.8, 13.2, 0, 16], "texture": "#0"},
				"south": {"uv": [0.2, 13.2, 16, 16], "texture": "#0"}
			}
		},
		{
			"from": [-2.65, 0.82049, 1.4625],
			"to": [2.65, 0.97049, 1.6876],
			"rotation": {"angle": 0, "axis": "y", "origin": [0, -3.07951, -3.0375]},
			"faces": {
				"east": {"uv": [12.94667, 4.42667, 15.6, 6], "texture": "#0"},
				"south": {"uv": [0.2, 4.93333, 15.54667, 7.62667], "texture": "#0"},
				"west": {"uv": [0, 3.6, 3.8, 6], "texture": "#0"},
				"up": {"uv": [0, 5.17333, 15.8, 6.77333], "texture": "#0"},
				"down": {"uv": [0, 4.50667, 15.8, 5.6], "texture": "#0"}
			}
		},
		{
			"from": [-1.125, 2.32049, 1.685],
			"to": [1.125, 2.47049, 1.685],
			"rotation": {"angle": 0, "axis": "y", "origin": [0, -3.07951, -3.0375]},
			"faces": {
				"south": {"uv": [0.2, 4.93333, 15.8, 6.93333], "texture": "#0"}
			}
		},
		{
			"from": [-1.275, 2.17049, 1.4625],
			"to": [1.275, 2.32049, 1.68749],
			"rotation": {"angle": 0, "axis": "y", "origin": [0, -3.07951, -3.0375]},
			"faces": {
				"south": {"uv": [0.2, 4.93333, 15.8, 6.93333], "texture": "#0"},
				"down": {"uv": [0.2, 4.90667, 15.4, 5.6], "texture": "#0"}
			}
		},
		{
			"from": [-0.75, 2.69549, 1.685],
			"to": [0.75, 2.84549, 1.685],
			"rotation": {"angle": 0, "axis": "y", "origin": [0, -3.07951, -3.0375]},
			"faces": {
				"south": {"uv": [0.2, 4.93333, 15.8, 6.93333], "texture": "#0"}
			}
		},
		{
			"from": [-0.825, 2.62049, 1.685],
			"to": [0.825, 2.69549, 1.685],
			"rotation": {"angle": 0, "axis": "y", "origin": [0, -3.07951, -3.0375]},
			"faces": {
				"south": {"uv": [0.2, 4.93333, 15.8, 6.93333], "texture": "#0"}
			}
		},
		{
			"from": [-0.975, 2.47049, 1.685],
			"to": [0.975, 2.62049, 1.685],
			"rotation": {"angle": 0, "axis": "y", "origin": [0, -3.07951, -3.0375]},
			"faces": {
				"south": {"uv": [0.2, 4.93333, 15.8, 6.93333], "texture": "#0"}
			}
		},
		{
			"from": [-0.6, 2.84549, 1.685],
			"to": [0.6, 2.99549, 1.685],
			"rotation": {"angle": 0, "axis": "y", "origin": [0, -3.07951, -3.0375]},
			"faces": {
				"south": {"uv": [0.2, 4.93333, 15.8, 6.93333], "texture": "#0"}
			}
		},
		{
			"from": [-0.3, 3.14549, 1.685],
			"to": [0.3, 3.29549, 1.685],
			"rotation": {"angle": 0, "axis": "y", "origin": [0, -3.07951, -3.0375]},
			"faces": {
				"south": {"uv": [0.2, 4.93333, 15.8, 6.93333], "texture": "#0"}
			}
		},
		{
			"from": [-0.45, 2.99549, 1.685],
			"to": [0.45, 3.14549, 1.685],
			"rotation": {"angle": 0, "axis": "y", "origin": [0, -3.07951, -3.0375]},
			"faces": {
				"south": {"uv": [0.2, 4.93333, 15.8, 6.93333], "texture": "#0"}
			}
		},
		{
			"from": [-0.15, 3.29549, 1.685],
			"to": [0.15, 3.44549, 1.685],
			"rotation": {"angle": 0, "axis": "y", "origin": [0, -3.07951, -3.0375]},
			"faces": {
				"south": {"uv": [0.2, 4.93333, 15.8, 6.93333], "texture": "#0"}
			}
		},
		{
			"from": [-1.5, 1.94549, 1.685],
			"to": [-1.2, 2.09549, 1.685],
			"rotation": {"angle": 0, "axis": "y", "origin": [0, -3.07951, -3.0375]},
			"faces": {
				"south": {"uv": [0.2, 4.93333, 15.8, 6.93333], "texture": "#0"}
			}
		},
		{
			"from": [-3, 3.14549, 1.4625],
			"to": [0.75, 3.29549, 1.6875],
			"rotation": {"angle": 45, "axis": "z", "origin": [0, 2.54549, 1.65]},
			"faces": {
				"east": {"uv": [4.74667, 4.42667, 6.6, 5.2], "texture": "#0"},
				"south": {"uv": [0.2, 4.93333, 7.93333, 6.96], "texture": "#0"},
				"west": {"uv": [0, 4, 2.2, 5.6], "texture": "#0"},
				"up": {"uv": [7.6, 4.77333, 0.2, 7.17333], "rotation": 180, "texture": "#0"}
			}
		},
		{
			"from": [-1.125, 1.27049, 1.4625],
			"to": [0.6, 1.42049, 1.68749],
			"rotation": {"angle": 45, "axis": "z", "origin": [0, 2.54549, 1.65]},
			"faces": {
				"south": {"uv": [0.2, 4.93333, 6.30667, 7.73333], "texture": "#0"},
				"up": {"uv": [0, 4.77333, 15.6, 7.17333], "texture": "#0"}
			}
		},
		{
			"from": [-0.49017, 3.41065, 1.4625],
			"to": [3.08483, 3.56065, 1.6875],
			"rotation": {"angle": -45, "axis": "z", "origin": [-0.26517, 2.81065, 1.65]},
			"faces": {
				"east": {"uv": [12.94667, 4.82667, 13.8, 5.2], "texture": "#0"},
				"south": {"uv": [9.10667, 4.93333, 15.8, 6.4], "texture": "#0"},
				"up": {"uv": [8.6, 4.77333, 15.8, 6.77333], "texture": "#0"}
			}
		},
		{
			"from": [-2.475, 0.97049, 1.685],
			"to": [-0.225, 1.12049, 1.685],
			"rotation": {"angle": 0, "axis": "y", "origin": [-1.35, -4.42951, -3.0375]},
			"faces": {
				"south": {"uv": [0.2, 4.93333, 15.8, 6.93333], "texture": "#0"}
			}
		},
		{
			"from": [-2.325, 1.12049, 1.685],
			"to": [-0.375, 1.27049, 1.685],
			"rotation": {"angle": 0, "axis": "y", "origin": [-1.35, -4.42951, -3.0375]},
			"faces": {
				"south": {"uv": [0.2, 4.93333, 15.8, 6.93333], "texture": "#0"}
			}
		},
		{
			"from": [-2.175, 1.27049, 1.685],
			"to": [-0.525, 1.34549, 1.685],
			"rotation": {"angle": 0, "axis": "y", "origin": [-1.35, -4.42951, -3.0375]},
			"faces": {
				"south": {"uv": [0.2, 4.93333, 15.8, 6.93333], "texture": "#0"}
			}
		},
		{
			"from": [-2.1, 1.34549, 1.685],
			"to": [-0.6, 1.49549, 1.685],
			"rotation": {"angle": 0, "axis": "y", "origin": [-1.35, -4.42951, -3.0375]},
			"faces": {
				"south": {"uv": [0.2, 4.93333, 15.8, 6.93333], "texture": "#0"}
			}
		},
		{
			"from": [-1.95, 1.49549, 1.685],
			"to": [-0.75, 1.64549, 1.685],
			"rotation": {"angle": 0, "axis": "y", "origin": [-1.35, -4.42951, -3.0375]},
			"faces": {
				"south": {"uv": [0.2, 4.93333, 15.8, 6.93333], "texture": "#0"}
			}
		},
		{
			"from": [-1.8, 1.64549, 1.685],
			"to": [-0.9, 1.79549, 1.685],
			"rotation": {"angle": 0, "axis": "y", "origin": [-1.35, -4.42951, -3.0375]},
			"faces": {
				"south": {"uv": [0.2, 4.93333, 15.8, 6.93333], "texture": "#0"}
			}
		},
		{
			"from": [-1.65, 1.79549, 1.685],
			"to": [-1.05, 1.94549, 1.685],
			"rotation": {"angle": 0, "axis": "y", "origin": [-1.35, -4.42951, -3.0375]},
			"faces": {
				"south": {"uv": [0.2, 4.93333, 15.8, 6.93333], "texture": "#0"}
			}
		},
		{
			"from": [0.225, 0.97049, 1.685],
			"to": [2.475, 1.12049, 1.685],
			"rotation": {"angle": 0, "axis": "y", "origin": [-1.35, -4.42951, -3.0375]},
			"faces": {
				"south": {"uv": [0.2, 4.93333, 15.8, 6.93333], "texture": "#0"}
			}
		},
		{
			"from": [0.375, 1.12049, 1.685],
			"to": [2.325, 1.27049, 1.685],
			"rotation": {"angle": 0, "axis": "y", "origin": [-1.35, -4.42951, -3.0375]},
			"faces": {
				"south": {"uv": [0.2, 4.93333, 15.8, 6.93333], "texture": "#0"}
			}
		},
		{
			"from": [0.525, 1.27049, 1.685],
			"to": [2.175, 1.34549, 1.685],
			"rotation": {"angle": 0, "axis": "y", "origin": [-1.35, -4.42951, -3.0375]},
			"faces": {
				"south": {"uv": [0.2, 4.93333, 15.8, 6.93333], "texture": "#0"}
			}
		},
		{
			"from": [0.6, 1.34549, 1.685],
			"to": [2.1, 1.49549, 1.685],
			"rotation": {"angle": 0, "axis": "y", "origin": [-1.35, -4.42951, -3.0375]},
			"faces": {
				"south": {"uv": [0.2, 4.93333, 15.8, 6.93333], "texture": "#0"}
			}
		},
		{
			"from": [0.75, 1.49549, 1.685],
			"to": [1.95, 1.64549, 1.685],
			"rotation": {"angle": 0, "axis": "y", "origin": [-1.35, -4.42951, -3.0375]},
			"faces": {
				"south": {"uv": [0.2, 4.93333, 15.8, 6.93333], "texture": "#0"}
			}
		},
		{
			"from": [0.9, 1.64549, 1.685],
			"to": [1.8, 1.79549, 1.685],
			"rotation": {"angle": 0, "axis": "y", "origin": [-1.35, -4.42951, -3.0375]},
			"faces": {
				"south": {"uv": [0.2, 4.93333, 15.8, 6.93333], "texture": "#0"}
			}
		},
		{
			"from": [1.05, 1.79549, 1.685],
			"to": [1.65, 1.94549, 1.685],
			"rotation": {"angle": 0, "axis": "y", "origin": [-1.35, -4.42951, -3.0375]},
			"faces": {
				"south": {"uv": [0.2, 4.93333, 15.8, 6.93333], "texture": "#0"}
			}
		},
		{
			"from": [1.2, 1.94549, 1.685],
			"to": [1.5, 2.09549, 1.685],
			"rotation": {"angle": 0, "axis": "y", "origin": [0, -3.07951, -3.0375]},
			"faces": {
				"south": {"uv": [0.2, 4.93333, 15.8, 6.93333], "texture": "#0"}
			}
		},
		{
			"from": [-0.49017, 1.53565, 1.4625],
			"to": [1.23483, 1.68565, 1.68749],
			"rotation": {"angle": -45, "axis": "z", "origin": [-0.26517, 2.81065, 1.65]},
			"faces": {
				"south": {"uv": [10.36, 4.93333, 15.8, 6.02667], "texture": "#0"},
				"up": {"uv": [0.2, 4.77333, 15.4, 6.77333], "texture": "#0"}
			}
		},
		{
			"from": [0.075, -0.67951, 1.4625],
			"to": [0.225, -0.37951, 1.7625],
			"rotation": {"angle": 0, "axis": "y", "origin": [0, -17.17951, -3.0375]},
			"faces": {
				"south": {"uv": [0.05333, 9.25333, 15.65333, 11.25333], "texture": "#0"}
			}
		},
		{
			"from": [-0.225, -0.67951, 1.4625],
			"to": [-0.075, -0.37951, 1.7625],
			"rotation": {"angle": 0, "axis": "y", "origin": [-0.075, -17.17951, -3.0375]},
			"faces": {
				"south": {"uv": [0.05333, 9.25333, 15.65333, 11.25333], "texture": "#0"}
			}
		},
		{
			"from": [-0.3375, -0.82951, 1.4625],
			"to": [0.3375, -0.67951, 1.7625],
			"rotation": {"angle": 0, "axis": "y", "origin": [11.8875, -17.17951, 4.725]},
			"faces": {
				"east": {"uv": [0.13333, 9.04, 15.73333, 11.04], "texture": "#0"},
				"south": {"uv": [0.05333, 9.25333, 15.65333, 11.25333], "texture": "#0"},
				"west": {"uv": [0.08, 9.14667, 15.68, 11.14667], "texture": "#0"},
				"down": {"uv": [0, 9.14667, 15.6, 11.14667], "texture": "#0"}
			}
		},
		{
			"from": [-0.45, -0.86701, 1.4625],
			"to": [-0.3, -0.11701, 1.7625],
			"rotation": {"angle": -22.5, "axis": "z", "origin": [0, -0.97951, 2.1375]},
			"faces": {
				"south": {"uv": [0.05333, 9.25333, 15.65333, 11.25333], "rotation": 270, "texture": "#0"},
				"west": {"uv": [0.08, 9.14667, 15.68, 11.14667], "rotation": 270, "texture": "#0"},
				"up": {"uv": [0.13333, 9.41333, 15.73333, 11.41333], "rotation": 270, "texture": "#0"},
				"down": {"uv": [0, 9.14667, 15.6, 11.14667], "rotation": 270, "texture": "#0"}
			}
		},
		{
			"from": [-0.3099, -0.91061, 1.4625],
			"to": [-0.1599, -0.23561, 1.7625],
			"rotation": {"angle": -45, "axis": "z", "origin": [-0.1599, -0.38561, 2.1375]},
			"faces": {
				"east": {"uv": [0.13333, 9.04, 15.73333, 11.04], "rotation": 270, "texture": "#0"},
				"south": {"uv": [0.05333, 9.25333, 15.65333, 11.25333], "rotation": 270, "texture": "#0"},
				"west": {"uv": [0.08, 9.14667, 15.68, 11.14667], "rotation": 270, "texture": "#0"},
				"down": {"uv": [0, 9.14667, 15.6, 11.14667], "rotation": 270, "texture": "#0"}
			}
		},
		{
			"from": [-5.28044, -0.60873, 1.4625],
			"to": [-1.68044, -0.30873, 1.7625],
			"rotation": {"angle": -22.5, "axis": "z", "origin": [-2.61794, -0.75873, 2.175]},
			"faces": {
				"east": {"uv": [0.13333, 9.04, 15.73333, 11.04], "rotation": 270, "texture": "#0"},
				"south": {"uv": [0.05333, 9.25333, 15.65333, 11.25333], "rotation": 270, "texture": "#0"},
				"west": {"uv": [0.08, 9.14667, 15.68, 11.14667], "rotation": 270, "texture": "#0"},
				"up": {"uv": [0.13333, 9.41333, 15.73333, 11.41333], "rotation": 270, "texture": "#0"},
				"down": {"uv": [0, 9.14667, 15.6, 11.14667], "rotation": 270, "texture": "#0"}
			}
		},
		{
			"from": [-5.20544, -0.75873, 1.4625],
			"to": [-3.18044, -0.60873, 1.7625],
			"rotation": {"angle": -22.5, "axis": "z", "origin": [-2.61794, -0.75873, 2.175]},
			"faces": {
				"east": {"uv": [0.13333, 9.04, 15.73333, 11.04], "rotation": 270, "texture": "#0"},
				"south": {"uv": [0.05333, 9.25333, 15.65333, 11.25333], "rotation": 270, "texture": "#0"},
				"west": {"uv": [0.08, 9.14667, 15.68, 11.14667], "rotation": 270, "texture": "#0"},
				"down": {"uv": [0, 9.14667, 15.6, 11.14667], "rotation": 270, "texture": "#0"}
			}
		},
		{
			"from": [-1.68044, -0.90873, 1.4625],
			"to": [-1.53044, -0.45873, 1.7626],
			"rotation": {"angle": 0, "axis": "z", "origin": [-1.45544, -0.19623, 2.175]},
			"faces": {
				"east": {"uv": [0.13333, 9.04, 15.73333, 11.04], "rotation": 270, "texture": "#0"},
				"south": {"uv": [0.05333, 9.25333, 15.65333, 11.25333], "rotation": 270, "texture": "#0"},
				"west": {"uv": [0.08, 9.14667, 15.68, 11.14667], "rotation": 270, "texture": "#0"},
				"up": {"uv": [0.13333, 9.41333, 15.73333, 11.41333], "rotation": 270, "texture": "#0"},
				"down": {"uv": [0, 9.14667, 15.6, 11.14667], "rotation": 270, "texture": "#0"}
			}
		},
		{
			"from": [-1.75544, -1.13373, 1.4625],
			"to": [-1.53044, -0.83373, 1.7627],
			"rotation": {"angle": 22.5, "axis": "z", "origin": [-1.53044, -0.79623, 2.175]},
			"faces": {
				"east": {"uv": [0.13333, 9.04, 15.73333, 11.04], "rotation": 270, "texture": "#0"},
				"south": {"uv": [0.05333, 9.25333, 15.65333, 11.25333], "rotation": 270, "texture": "#0"}
			}
		},
		{
			"from": [-3.70544, -1.43373, 1.4625],
			"to": [-1.53044, -1.13373, 1.7625],
			"rotation": {"angle": 22.5, "axis": "z", "origin": [-1.53044, -0.79623, 2.175]},
			"faces": {
				"east": {"uv": [0.13333, 9.04, 15.73333, 11.04], "rotation": 270, "texture": "#0"},
				"south": {"uv": [0.05333, 9.25333, 15.65333, 11.25333], "rotation": 270, "texture": "#0"},
				"west": {"uv": [0.08, 9.14667, 15.68, 11.14667], "rotation": 270, "texture": "#0"},
				"up": {"uv": [0.13333, 9.41333, 15.73333, 11.41333], "rotation": 270, "texture": "#0"},
				"down": {"uv": [0, 9.14667, 15.6, 11.14667], "rotation": 270, "texture": "#0"}
			}
		},
		{
			"from": [-3.63044, -1.58373, 1.4625],
			"to": [-2.28044, -1.43373, 1.7625],
			"rotation": {"angle": 22.5, "axis": "z", "origin": [-1.53044, -0.79623, 2.175]},
			"faces": {
				"east": {"uv": [0.13333, 9.04, 15.73333, 11.04], "rotation": 270, "texture": "#0"},
				"south": {"uv": [0.05333, 9.25333, 15.65333, 11.25333], "rotation": 270, "texture": "#0"},
				"west": {"uv": [0.08, 9.14667, 15.68, 11.14667], "rotation": 270, "texture": "#0"},
				"down": {"uv": [0, 9.14667, 15.6, 11.14667], "rotation": 270, "texture": "#0"}
			}
		},
		{
			"from": [-4.74441, -1.19121, 1.4625],
			"to": [-1.51941, -0.89121, 1.7625],
			"rotation": {"angle": 0, "axis": "z", "origin": [-1.63191, -1.04121, 2.175]},
			"faces": {
				"east": {"uv": [0.13333, 9.04, 15.73333, 11.04], "rotation": 270, "texture": "#0"},
				"south": {"uv": [0.05333, 9.25333, 15.65333, 11.25333], "rotation": 270, "texture": "#0"},
				"west": {"uv": [0.08, 9.14667, 15.68, 11.14667], "rotation": 270, "texture": "#0"},
				"up": {"uv": [0.13333, 9.41333, 15.73333, 11.41333], "rotation": 270, "texture": "#0"},
				"down": {"uv": [0, 9.14667, 15.6, 11.14667], "rotation": 270, "texture": "#0"}
			}
		},
		{
			"from": [-4.66941, -1.34121, 1.4625],
			"to": [-2.49441, -1.19121, 1.7625],
			"rotation": {"angle": 0, "axis": "z", "origin": [-1.63191, -1.04121, 2.175]},
			"faces": {
				"east": {"uv": [0.13333, 9.04, 15.73333, 11.04], "rotation": 270, "texture": "#0"},
				"south": {"uv": [0.05333, 9.25333, 15.65333, 11.25333], "rotation": 270, "texture": "#0"},
				"west": {"uv": [0.08, 9.14667, 15.68, 11.14667], "rotation": 270, "texture": "#0"},
				"down": {"uv": [0, 9.14667, 15.6, 11.14667], "rotation": 270, "texture": "#0"}
			}
		},
		{
			"from": [-1.05362, -1.3538, 1.4625],
			"to": [-0.82862, -1.0538, 1.7626],
			"rotation": {"angle": 45, "axis": "z", "origin": [-1.12862, -1.7663, 2.175]},
			"faces": {
				"east": {"uv": [0.13333, 9.04, 15.73333, 11.04], "rotation": 270, "texture": "#0"},
				"south": {"uv": [0.05333, 9.25333, 15.65333, 11.25333], "rotation": 270, "texture": "#0"},
				"up": {"uv": [0.13333, 9.41333, 15.73333, 11.41333], "rotation": 270, "texture": "#0"}
			}
		},
		{
			"from": [-1.54112, -3.0413, 1.4625],
			"to": [-1.24112, -1.3913, 1.7625],
			"rotation": {"angle": -22.5, "axis": "z", "origin": [-1.12862, -1.7663, 2.175]},
			"faces": {
				"east": {"uv": [0.13333, 9.04, 15.73333, 11.04], "rotation": 180, "texture": "#0"},
				"south": {"uv": [0.05333, 9.25333, 15.65333, 11.25333], "rotation": 180, "texture": "#0"},
				"west": {"uv": [0.08, 9.14667, 15.68, 11.14667], "rotation": 180, "texture": "#0"},
				"up": {"uv": [0.13333, 9.41333, 15.73333, 11.41333], "rotation": 180, "texture": "#0"},
				"down": {"uv": [0, 9.14667, 15.6, 11.14667], "rotation": 180, "texture": "#0"}
			}
		},
		{
			"from": [-1.24112, -2.9663, 1.4625],
			"to": [-1.09112, -1.9913, 1.7625],
			"rotation": {"angle": -22.5, "axis": "z", "origin": [-1.12862, -1.7663, 2.175]},
			"faces": {
				"east": {"uv": [0.13333, 9.04, 15.73333, 11.04], "rotation": 180, "texture": "#0"},
				"south": {"uv": [0.05333, 9.25333, 15.65333, 11.25333], "rotation": 180, "texture": "#0"},
				"west": {"uv": [0.08, 9.14667, 15.68, 11.14667], "rotation": 180, "texture": "#0"},
				"down": {"uv": [0, 9.14667, 15.6, 11.14667], "rotation": 180, "texture": "#0"}
			}
		},
		{
			"from": [2.28044, -1.58373, 1.4625],
			"to": [3.63044, -1.43373, 1.7625],
			"rotation": {"angle": -22.5, "axis": "z", "origin": [1.53044, -0.79623, 2.175]},
			"faces": {
				"east": {"uv": [0.13333, 9.04, 15.73333, 11.04], "rotation": 270, "texture": "#0"},
				"south": {"uv": [0.05333, 9.25333, 15.65333, 11.25333], "rotation": 270, "texture": "#0"},
				"west": {"uv": [0.08, 9.14667, 15.68, 11.14667], "rotation": 270, "texture": "#0"},
				"down": {"uv": [0, 9.14667, 15.6, 11.14667], "rotation": 270, "texture": "#0"}
			}
		},
		{
			"from": [2.49441, -1.34121, 1.4625],
			"to": [4.66941, -1.19121, 1.7625],
			"rotation": {"angle": 0, "axis": "z", "origin": [1.63191, -1.04121, 2.175]},
			"faces": {
				"east": {"uv": [0.13333, 9.04, 15.73333, 11.04], "rotation": 270, "texture": "#0"},
				"south": {"uv": [0.05333, 9.25333, 15.65333, 11.25333], "rotation": 270, "texture": "#0"},
				"west": {"uv": [0.08, 9.14667, 15.68, 11.14667], "rotation": 270, "texture": "#0"},
				"down": {"uv": [0, 9.14667, 15.6, 11.14667], "rotation": 270, "texture": "#0"}
			}
		},
		{
			"from": [1.09112, -2.9663, 1.4625],
			"to": [1.24112, -1.9913, 1.7625],
			"rotation": {"angle": 22.5, "axis": "z", "origin": [1.12862, -1.7663, 2.175]},
			"faces": {
				"east": {"uv": [0.13333, 9.04, 15.73333, 11.04], "rotation": 180, "texture": "#0"},
				"south": {"uv": [0.05333, 9.25333, 15.65333, 11.25333], "rotation": 180, "texture": "#0"},
				"west": {"uv": [0.08, 9.14667, 15.68, 11.14667], "rotation": 180, "texture": "#0"},
				"down": {"uv": [0, 9.14667, 15.6, 11.14667], "rotation": 180, "texture": "#0"}
			}
		},
		{
			"from": [3.18044, -0.75873, 1.4625],
			"to": [5.20544, -0.60873, 1.7625],
			"rotation": {"angle": 22.5, "axis": "z", "origin": [2.61794, -0.75873, 2.175]},
			"faces": {
				"east": {"uv": [0.13333, 9.04, 15.73333, 11.04], "rotation": 270, "texture": "#0"},
				"south": {"uv": [0.05333, 9.25333, 15.65333, 11.25333], "rotation": 270, "texture": "#0"},
				"west": {"uv": [0.08, 9.14667, 15.68, 11.14667], "rotation": 270, "texture": "#0"},
				"down": {"uv": [0, 9.14667, 15.6, 11.14667], "rotation": 270, "texture": "#0"}
			}
		},
		{
			"from": [-1.54489, -1.68753, 1.4625],
			"to": [-1.39489, -1.46253, 1.7627],
			"rotation": {"angle": -22.5, "axis": "z", "origin": [-0.75739, -2.13753, 2.175]},
			"faces": {
				"east": {"uv": [0.13333, 9.04, 15.73333, 11.04], "rotation": 180, "texture": "#0"},
				"south": {"uv": [0.05333, 9.25333, 15.65333, 11.25333], "rotation": 180, "texture": "#0"},
				"up": {"uv": [0.13333, 9.41333, 15.73333, 11.41333], "rotation": 180, "texture": "#0"}
			}
		},
		{
			"from": [-1.18131, -1.51994, 1.4625],
			"to": [-0.88131, -1.29494, 1.7626],
			"rotation": {"angle": 0, "axis": "z", "origin": [-0.61881, -2.19494, 2.175]},
			"faces": {
				"east": {"uv": [0.13333, 9.04, 15.73333, 11.04], "rotation": 180, "texture": "#0"},
				"south": {"uv": [0.05333, 9.25333, 15.65333, 11.25333], "rotation": 180, "texture": "#0"},
				"up": {"uv": [0.13333, 9.41333, 15.73333, 11.41333], "rotation": 180, "texture": "#0"},
				"down": {"uv": [0, 9.14667, 15.6, 11.14667], "rotation": 180, "texture": "#0"}
			}
		},
		{
			"from": [-1.53044, -0.53373, 1.4625],
			"to": [-1.45544, -0.15873, 1.7625],
			"rotation": {"angle": -22.5, "axis": "z", "origin": [-1.45544, -0.19623, 2.175]},
			"faces": {
				"east": {"uv": [0.13333, 9.04, 15.73333, 11.04], "rotation": 270, "texture": "#0"},
				"south": {"uv": [0.05333, 9.25333, 15.65333, 11.25333], "rotation": 270, "texture": "#0"},
				"west": {"uv": [0.08, 9.14667, 15.68, 11.14667], "rotation": 270, "texture": "#0"},
				"up": {"uv": [0.13333, 9.41333, 15.73333, 11.41333], "rotation": 270, "texture": "#0"},
				"down": {"uv": [0, 9.14667, 15.6, 11.14667], "rotation": 270, "texture": "#0"}
			}
		},
		{
			"from": [1.68044, -0.60873, 1.4625],
			"to": [5.28044, -0.30873, 1.7625],
			"rotation": {"angle": 22.5, "axis": "z", "origin": [2.61794, -0.75873, 2.175]},
			"faces": {
				"east": {"uv": [0.13333, 9.04, 15.73333, 11.04], "rotation": 270, "texture": "#0"},
				"south": {"uv": [0.05333, 9.25333, 15.65333, 11.25333], "rotation": 270, "texture": "#0"},
				"west": {"uv": [0.08, 9.14667, 15.68, 11.14667], "rotation": 270, "texture": "#0"},
				"up": {"uv": [0.13333, 9.41333, 15.73333, 11.41333], "rotation": 270, "texture": "#0"},
				"down": {"uv": [0, 9.14667, 15.6, 11.14667], "rotation": 270, "texture": "#0"}
			}
		},
		{
			"from": [1.45544, -0.53373, 1.4625],
			"to": [1.53044, -0.15873, 1.7625],
			"rotation": {"angle": 22.5, "axis": "z", "origin": [1.45544, -0.19623, 2.175]},
			"faces": {
				"east": {"uv": [0.13333, 9.04, 15.73333, 11.04], "rotation": 270, "texture": "#0"},
				"south": {"uv": [0.05333, 9.25333, 15.65333, 11.25333], "rotation": 270, "texture": "#0"},
				"west": {"uv": [0.08, 9.14667, 15.68, 11.14667], "rotation": 270, "texture": "#0"},
				"up": {"uv": [0.13333, 9.41333, 15.73333, 11.41333], "rotation": 270, "texture": "#0"},
				"down": {"uv": [0, 9.14667, 15.6, 11.14667], "rotation": 270, "texture": "#0"}
			}
		},
		{
			"from": [1.53044, -1.13373, 1.4625],
			"to": [1.75544, -0.83373, 1.7627],
			"rotation": {"angle": -22.5, "axis": "z", "origin": [1.53044, -0.79623, 2.175]},
			"faces": {
				"south": {"uv": [0.05333, 9.25333, 15.65333, 11.25333], "rotation": 270, "texture": "#0"},
				"west": {"uv": [0.08, 9.14667, 15.68, 11.14667], "rotation": 270, "texture": "#0"}
			}
		},
		{
			"from": [0.82862, -1.3538, 1.4625],
			"to": [1.05362, -1.0538, 1.7626],
			"rotation": {"angle": -45, "axis": "z", "origin": [1.12862, -1.7663, 2.175]},
			"faces": {
				"south": {"uv": [0.05333, 9.25333, 15.65333, 11.25333], "rotation": 270, "texture": "#0"},
				"west": {"uv": [0.08, 9.14667, 15.68, 11.14667], "rotation": 270, "texture": "#0"},
				"up": {"uv": [0.13333, 9.41333, 15.73333, 11.41333], "rotation": 270, "texture": "#0"}
			}
		},
		{
			"from": [1.39489, -1.68753, 1.4625],
			"to": [1.54489, -1.46253, 1.7627],
			"rotation": {"angle": 22.5, "axis": "z", "origin": [0.75739, -2.13753, 2.175]},
			"faces": {
				"south": {"uv": [0.05333, 9.25333, 15.65333, 11.25333], "rotation": 180, "texture": "#0"},
				"west": {"uv": [0.08, 9.14667, 15.68, 11.14667], "rotation": 180, "texture": "#0"},
				"up": {"uv": [0.13333, 9.41333, 15.73333, 11.41333], "rotation": 180, "texture": "#0"}
			}
		},
		{
			"from": [0.88131, -1.51994, 1.4625],
			"to": [1.18131, -1.29494, 1.7626],
			"rotation": {"angle": 0, "axis": "z", "origin": [0.61881, -2.19494, 2.175]},
			"faces": {
				"south": {"uv": [0.05333, 9.25333, 15.65333, 11.25333], "rotation": 180, "texture": "#0"},
				"west": {"uv": [0.08, 9.14667, 15.68, 11.14667], "rotation": 180, "texture": "#0"},
				"up": {"uv": [0.13333, 9.41333, 15.73333, 11.41333], "rotation": 180, "texture": "#0"},
				"down": {"uv": [0, 9.14667, 15.6, 11.14667], "rotation": 180, "texture": "#0"}
			}
		},
		{
			"from": [1.53044, -0.90873, 1.4625],
			"to": [1.68044, -0.45873, 1.7626],
			"rotation": {"angle": 0, "axis": "z", "origin": [1.45544, -0.19623, 2.175]},
			"faces": {
				"east": {"uv": [0.13333, 9.04, 15.73333, 11.04], "rotation": 270, "texture": "#0"},
				"south": {"uv": [0.05333, 9.25333, 15.65333, 11.25333], "rotation": 270, "texture": "#0"},
				"west": {"uv": [0.08, 9.14667, 15.68, 11.14667], "rotation": 270, "texture": "#0"},
				"up": {"uv": [0.13333, 9.41333, 15.73333, 11.41333], "rotation": 270, "texture": "#0"},
				"down": {"uv": [0, 9.14667, 15.6, 11.14667], "rotation": 270, "texture": "#0"}
			}
		},
		{
			"from": [1.51941, -1.19121, 1.4625],
			"to": [4.74441, -0.89121, 1.7625],
			"rotation": {"angle": 0, "axis": "z", "origin": [1.63191, -1.04121, 2.175]},
			"faces": {
				"east": {"uv": [0.13333, 9.04, 15.73333, 11.04], "rotation": 270, "texture": "#0"},
				"south": {"uv": [0.05333, 9.25333, 15.65333, 11.25333], "rotation": 270, "texture": "#0"},
				"west": {"uv": [0.08, 9.14667, 15.68, 11.14667], "rotation": 270, "texture": "#0"},
				"up": {"uv": [0.13333, 9.41333, 15.73333, 11.41333], "rotation": 270, "texture": "#0"},
				"down": {"uv": [0, 9.14667, 15.6, 11.14667], "rotation": 270, "texture": "#0"}
			}
		},
		{
			"from": [1.53044, -1.43373, 1.4625],
			"to": [3.70544, -1.13373, 1.7625],
			"rotation": {"angle": -22.5, "axis": "z", "origin": [1.53044, -0.79623, 2.175]},
			"faces": {
				"east": {"uv": [0.13333, 9.04, 15.73333, 11.04], "rotation": 270, "texture": "#0"},
				"south": {"uv": [0.05333, 9.25333, 15.65333, 11.25333], "rotation": 270, "texture": "#0"},
				"west": {"uv": [0.08, 9.14667, 15.68, 11.14667], "rotation": 270, "texture": "#0"},
				"up": {"uv": [0.13333, 9.41333, 15.73333, 11.41333], "rotation": 270, "texture": "#0"},
				"down": {"uv": [0, 9.14667, 15.6, 11.14667], "rotation": 270, "texture": "#0"}
			}
		},
		{
			"from": [1.24112, -3.0413, 1.4625],
			"to": [1.54112, -1.3913, 1.7625],
			"rotation": {"angle": 22.5, "axis": "z", "origin": [1.12862, -1.7663, 2.175]},
			"faces": {
				"east": {"uv": [0.13333, 9.04, 15.73333, 11.04], "rotation": 180, "texture": "#0"},
				"south": {"uv": [0.05333, 9.25333, 15.65333, 11.25333], "rotation": 180, "texture": "#0"},
				"west": {"uv": [0.08, 9.14667, 15.68, 11.14667], "rotation": 180, "texture": "#0"},
				"up": {"uv": [0.13333, 9.41333, 15.73333, 11.41333], "rotation": 180, "texture": "#0"},
				"down": {"uv": [0, 9.14667, 15.6, 11.14667], "rotation": 180, "texture": "#0"}
			}
		},
		{
			"from": [0.1599, -0.91061, 1.4625],
			"to": [0.3099, -0.23561, 1.7625],
			"rotation": {"angle": 45, "axis": "z", "origin": [0.1599, -0.38561, 2.1375]},
			"faces": {
				"east": {"uv": [0.13333, 9.04, 15.73333, 11.04], "rotation": 270, "texture": "#0"},
				"south": {"uv": [0.05333, 9.25333, 15.65333, 11.25333], "rotation": 270, "texture": "#0"},
				"west": {"uv": [0.08, 9.14667, 15.68, 11.14667], "rotation": 270, "texture": "#0"},
				"down": {"uv": [0, 9.14667, 15.6, 11.14667], "rotation": 270, "texture": "#0"}
			}
		},
		{
			"from": [-0.075, -0.97951, 1.4625],
			"to": [0.075, 0.14549, 1.7625],
			"rotation": {"angle": 0, "axis": "y", "origin": [0.075, -17.17951, -3.0375]},
			"faces": {
				"east": {"uv": [0.13333, 9.04, 15.73333, 11.04], "texture": "#0"},
				"south": {"uv": [0.05333, 9.25333, 15.65333, 11.25333], "texture": "#0"},
				"west": {"uv": [0.08, 9.14667, 15.68, 11.14667], "texture": "#0"},
				"up": {"uv": [0.13333, 9.41333, 15.73333, 11.41333], "texture": "#0"},
				"down": {"uv": [0, 9.14667, 15.6, 11.14667], "texture": "#0"}
			}
		},
		{
			"from": [0.3, -0.94201, 1.4625],
			"to": [0.45, -0.11701, 1.7625],
			"rotation": {"angle": 22.5, "axis": "z", "origin": [0, -0.97951, 2.1375]},
			"faces": {
				"east": {"uv": [0.13333, 9.04, 15.73333, 11.04], "rotation": 270, "texture": "#0"},
				"south": {"uv": [0.05333, 9.25333, 15.65333, 11.25333], "rotation": 270, "texture": "#0"},
				"up": {"uv": [0.13333, 9.41333, 15.73333, 11.41333], "rotation": 270, "texture": "#0"},
				"down": {"uv": [0, 9.14667, 15.6, 11.14667], "rotation": 270, "texture": "#0"}
			}
		},
		{
			"from": [0.3, -2.44201, 1.4625],
			"to": [0.45, -1.54201, 1.7625],
			"rotation": {"angle": 22.5, "axis": "z", "origin": [0, -2.40451, 2.1375]},
			"faces": {
				"east": {"uv": [0.13333, 9.04, 15.73333, 11.04], "rotation": 270, "texture": "#0"},
				"south": {"uv": [0.05333, 9.25333, 15.65333, 11.25333], "rotation": 270, "texture": "#0"},
				"west": {"uv": [0.08, 9.14667, 15.68, 11.14667], "rotation": 270, "texture": "#0"},
				"up": {"uv": [0.13333, 9.41333, 15.73333, 11.41333], "rotation": 270, "texture": "#0"},
				"down": {"uv": [0, 9.14667, 15.6, 11.14667], "rotation": 270, "texture": "#0"}
			}
		},
		{
			"from": [-0.075, -1.80451, 1.4625],
			"to": [0.075, -1.27951, 1.7624],
			"rotation": {"angle": 0, "axis": "y", "origin": [0.075, -18.60451, -3.0375]},
			"faces": {
				"east": {"uv": [0.13333, 9.04, 15.73333, 11.04], "texture": "#0"},
				"south": {"uv": [0.05333, 9.25333, 15.65333, 11.25333], "texture": "#0"},
				"west": {"uv": [0.08, 9.14667, 15.68, 11.14667], "texture": "#0"},
				"up": {"uv": [0.13333, 9.41333, 15.73333, 11.41333], "texture": "#0"}
			}
		},
		{
			"from": [-0.4125, -2.32951, 1.4625],
			"to": [0.4125, -2.25451, 1.7623],
			"rotation": {"angle": 0, "axis": "y", "origin": [11.8875, -18.60451, 4.725]},
			"faces": {
				"east": {"uv": [0.13333, 9.04, 15.73333, 11.04], "texture": "#0"},
				"south": {"uv": [0.05333, 9.25333, 15.65333, 11.25333], "texture": "#0"},
				"west": {"uv": [0.08, 9.14667, 15.68, 11.14667], "texture": "#0"},
				"down": {"uv": [0, 9.14667, 15.6, 11.14667], "texture": "#0"}
			}
		},
		{
			"from": [-0.8625, -3.82951, 1.4625],
			"to": [-0.1875, -3.15451, 1.7625],
			"rotation": {"angle": 45, "axis": "z", "origin": [0, -2.96701, 1.8]},
			"faces": {
				"east": {"uv": [0.13333, 9.04, 15.73333, 11.04], "texture": "#0"},
				"south": {"uv": [0.05333, 9.25333, 15.65333, 11.25333], "texture": "#0"},
				"west": {"uv": [0.08, 9.14667, 15.68, 11.14667], "texture": "#0"},
				"up": {"uv": [0.13333, 9.41333, 15.73333, 11.41333], "texture": "#0"},
				"down": {"uv": [0, 9.14667, 15.6, 11.14667], "texture": "#0"}
			}
		},
		{
			"from": [-0.1125, -3.07951, 1.4625],
			"to": [0.4125, -2.55451, 1.7625],
			"rotation": {"angle": 45, "axis": "z", "origin": [0, -2.96701, 1.8]},
			"faces": {
				"east": {"uv": [0.13333, 9.04, 15.73333, 11.04], "texture": "#0"},
				"south": {"uv": [0.05333, 9.25333, 15.65333, 11.25333], "texture": "#0"},
				"west": {"uv": [0.08, 9.14667, 15.68, 11.14667], "texture": "#0"},
				"up": {"uv": [0.13333, 9.41333, 15.73333, 11.41333], "texture": "#0"},
				"down": {"uv": [0, 9.14667, 15.6, 11.14667], "texture": "#0"}
			}
		},
		{
			"from": [0.1125, -2.25451, 1.4625],
			"to": [0.2625, -1.95451, 1.7624],
			"rotation": {"angle": 0, "axis": "y", "origin": [11.8875, -18.60451, 4.725]},
			"faces": {
				"south": {"uv": [0.05333, 9.25333, 15.65333, 11.25333], "texture": "#0"}
			}
		},
		{
			"from": [-0.2625, -2.25451, 1.4625],
			"to": [-0.1375, -1.95451, 1.7624],
			"rotation": {"angle": 0, "axis": "y", "origin": [11.8875, -18.60451, 4.725]},
			"faces": {
				"south": {"uv": [0.05333, 9.25333, 15.65333, 11.25333], "texture": "#0"}
			}
		},
		{
			"from": [-0.45, -2.44201, 1.4625],
			"to": [-0.3, -1.54201, 1.7625],
			"rotation": {"angle": -22.5, "axis": "z", "origin": [0, -2.40451, 2.1375]},
			"faces": {
				"east": {"uv": [0.13333, 9.04, 15.73333, 11.04], "rotation": 270, "texture": "#0"},
				"south": {"uv": [0.05333, 9.25333, 15.65333, 11.25333], "rotation": 270, "texture": "#0"},
				"west": {"uv": [0.08, 9.14667, 15.68, 11.14667], "rotation": 270, "texture": "#0"},
				"up": {"uv": [0.13333, 9.41333, 15.73333, 11.41333], "rotation": 270, "texture": "#0"},
				"down": {"uv": [0, 9.14667, 15.6, 11.14667], "rotation": 270, "texture": "#0"}
			}
		},
		{
			"from": [-0.15, -3.45451, 1.4625],
			"to": [0.15, -1.80451, 1.7626],
			"rotation": {"angle": 0, "axis": "y", "origin": [-0.075, -18.30451, -3.0375]},
			"faces": {
				"east": {"uv": [0.13333, 9.04, 15.73333, 11.04], "texture": "#0"},
				"south": {"uv": [0.05333, 9.25333, 15.65333, 11.25333], "texture": "#0"},
				"west": {"uv": [0.08, 9.14667, 15.68, 11.14667], "texture": "#0"}
			}
		},
		{
			"from": [-1.275, -3.00451, 1.4625],
			"to": [-0.45, -2.85451, 1.7626],
			"rotation": {"angle": 0, "axis": "y", "origin": [-0.075, -17.85451, -3.0375]},
			"faces": {
				"east": {"uv": [0.13333, 9.04, 15.73333, 11.04], "texture": "#0"},
				"south": {"uv": [0.05333, 9.25333, 15.65333, 11.25333], "texture": "#0"},
				"west": {"uv": [0.08, 9.14667, 15.68, 11.14667], "texture": "#0"},
				"up": {"uv": [0.13333, 9.41333, 15.73333, 11.41333], "texture": "#0"},
				"down": {"uv": [0, 9.14667, 15.6, 11.14667], "texture": "#0"}
			}
		},
		{
			"from": [-1.2, -3.30451, 1.4625],
			"to": [-1.05, -2.85451, 1.7625],
			"rotation": {"angle": 22.5, "axis": "z", "origin": [-1.125, -3.15451, 1.6875]},
			"faces": {
				"east": {"uv": [0.13333, 9.04, 15.73333, 11.04], "texture": "#0"},
				"south": {"uv": [0.05333, 9.25333, 15.65333, 11.25333], "texture": "#0"},
				"west": {"uv": [0.08, 9.14667, 15.68, 11.14667], "texture": "#0"},
				"up": {"uv": [0.13333, 9.41333, 15.73333, 11.41333], "texture": "#0"},
				"down": {"uv": [0, 9.14667, 15.6, 11.14667], "texture": "#0"}
			}
		},
		{
			"from": [-0.77252, -3.11525, 1.4625],
			"to": [-0.47252, -2.96525, 1.7625],
			"rotation": {"angle": 45, "axis": "z", "origin": [-0.58502, -2.89025, 1.6875]},
			"faces": {
				"east": {"uv": [0.13333, 9.04, 15.73333, 11.04], "rotation": 270, "texture": "#0"},
				"south": {"uv": [0.05333, 9.25333, 15.65333, 11.25333], "rotation": 270, "texture": "#0"},
				"west": {"uv": [0.08, 9.14667, 15.68, 11.14667], "rotation": 270, "texture": "#0"},
				"up": {"uv": [0.13333, 9.41333, 15.73333, 11.41333], "rotation": 270, "texture": "#0"},
				"down": {"uv": [0, 9.14667, 15.6, 11.14667], "rotation": 270, "texture": "#0"}
			}
		},
		{
			"from": [-0.69752, -2.95616, 1.4625],
			"to": [-0.54752, -2.50616, 1.7625],
			"rotation": {"angle": -22.5, "axis": "z", "origin": [-0.58502, -2.73116, 1.6875]},
			"faces": {
				"east": {"uv": [0.13333, 9.04, 15.73333, 11.04], "rotation": 180, "texture": "#0"},
				"south": {"uv": [0.05333, 9.25333, 15.65333, 11.25333], "rotation": 180, "texture": "#0"},
				"west": {"uv": [0.08, 9.14667, 15.68, 11.14667], "rotation": 180, "texture": "#0"},
				"up": {"uv": [0.13333, 9.41333, 15.73333, 11.41333], "rotation": 180, "texture": "#0"},
				"down": {"uv": [0, 9.14667, 15.6, 11.14667], "rotation": 180, "texture": "#0"}
			}
		},
		{
			"from": [1.05, -3.30451, 1.4625],
			"to": [1.2, -2.85451, 1.7625],
			"rotation": {"angle": -22.5, "axis": "z", "origin": [1.125, -3.15451, 1.6875]},
			"faces": {
				"east": {"uv": [0.13333, 9.04, 15.73333, 11.04], "texture": "#0"},
				"south": {"uv": [0.05333, 9.25333, 15.65333, 11.25333], "texture": "#0"},
				"west": {"uv": [0.08, 9.14667, 15.68, 11.14667], "texture": "#0"},
				"up": {"uv": [0.13333, 9.41333, 15.73333, 11.41333], "texture": "#0"},
				"down": {"uv": [0, 9.14667, 15.6, 11.14667], "texture": "#0"}
			}
		},
		{
			"from": [0.54752, -2.95616, 1.4625],
			"to": [0.69752, -2.50616, 1.7625],
			"rotation": {"angle": 22.5, "axis": "z", "origin": [0.58502, -2.73116, 1.6875]},
			"faces": {
				"east": {"uv": [0.13333, 9.04, 15.73333, 11.04], "rotation": 180, "texture": "#0"},
				"south": {"uv": [0.05333, 9.25333, 15.65333, 11.25333], "rotation": 180, "texture": "#0"},
				"west": {"uv": [0.08, 9.14667, 15.68, 11.14667], "rotation": 180, "texture": "#0"},
				"up": {"uv": [0.13333, 9.41333, 15.73333, 11.41333], "rotation": 180, "texture": "#0"},
				"down": {"uv": [0, 9.14667, 15.6, 11.14667], "rotation": 180, "texture": "#0"}
			}
		},
		{
			"from": [0.47252, -3.11525, 1.4625],
			"to": [0.77252, -2.96525, 1.7625],
			"rotation": {"angle": -45, "axis": "z", "origin": [0.58502, -2.89025, 1.6875]},
			"faces": {
				"east": {"uv": [0.13333, 9.04, 15.73333, 11.04], "rotation": 270, "texture": "#0"},
				"south": {"uv": [0.05333, 9.25333, 15.65333, 11.25333], "rotation": 270, "texture": "#0"},
				"west": {"uv": [0.08, 9.14667, 15.68, 11.14667], "rotation": 270, "texture": "#0"},
				"up": {"uv": [0.13333, 9.41333, 15.73333, 11.41333], "rotation": 270, "texture": "#0"},
				"down": {"uv": [0, 9.14667, 15.6, 11.14667], "rotation": 270, "texture": "#0"}
			}
		},
		{
			"from": [0.45, -3.00451, 1.4625],
			"to": [1.275, -2.85451, 1.7626],
			"rotation": {"angle": 0, "axis": "y", "origin": [0.075, -17.85451, -3.0375]},
			"faces": {
				"east": {"uv": [0.13333, 9.04, 15.73333, 11.04], "texture": "#0"},
				"south": {"uv": [0.05333, 9.25333, 15.65333, 11.25333], "texture": "#0"},
				"west": {"uv": [0.08, 9.14667, 15.68, 11.14667], "texture": "#0"},
				"up": {"uv": [0.13333, 9.41333, 15.73333, 11.41333], "texture": "#0"},
				"down": {"uv": [0, 9.14667, 15.6, 11.14667], "texture": "#0"}
			}
		},
		{
			"from": [-0.525, 6.22049, 2.1375],
			"to": [0.075, 6.82049, 2.2875],
			"rotation": {"angle": 45, "axis": "z", "origin": [0, 6.67049, 2.2125]},
			"faces": {
				"east": {"uv": [8.6, 0.4, 11.2, 2.4], "texture": "#0"},
				"south": {"uv": [8.6, 0.4, 11.2, 2.4], "texture": "#0"},
				"west": {"uv": [8.6, 0.4, 11.2, 2.4], "texture": "#0"},
				"up": {"uv": [8.6, 0.4, 11.2, 2.4], "texture": "#0"},
				"down": {"uv": [8.6, 0.4, 11.2, 2.4], "texture": "#0"}
			}
		},
		{
			"from": [-6.425, 3.62049, 2.1375],
			"to": [-5.825, 4.22049, 2.2875],
			"rotation": {"angle": 22.5, "axis": "z", "origin": [-6.075, 3.97049, 2.2125]},
			"faces": {
				"east": {"uv": [8.6, 0.4, 11.2, 2.4], "texture": "#0"},
				"south": {"uv": [8.6, 0.4, 11.2, 2.4], "texture": "#0"},
				"west": {"uv": [8.6, 0.4, 11.2, 2.4], "texture": "#0"},
				"up": {"uv": [8.6, 0.4, 11.2, 2.4], "texture": "#0"},
				"down": {"uv": [8.6, 0.4, 11.2, 2.4], "texture": "#0"}
			}
		},
		{
			"from": [5.825, 3.62049, 2.1375],
			"to": [6.425, 4.22049, 2.2875],
			"rotation": {"angle": -22.5, "axis": "z", "origin": [6.075, 3.97049, 2.2125]},
			"faces": {
				"east": {"uv": [8.6, 0.4, 11.2, 2.4], "texture": "#0"},
				"south": {"uv": [8.6, 0.4, 11.2, 2.4], "texture": "#0"},
				"west": {"uv": [8.6, 0.4, 11.2, 2.4], "texture": "#0"},
				"up": {"uv": [8.6, 0.4, 11.2, 2.4], "texture": "#0"},
				"down": {"uv": [8.6, 0.4, 11.2, 2.4], "texture": "#0"}
			}
		},
		{
			"from": [3.8, -3.42951, 2.1375],
			"to": [4.4, -2.82951, 2.2875],
			"rotation": {"angle": 0, "axis": "y", "origin": [0, -3.07951, -3.8625]},
			"faces": {
				"east": {"uv": [8.6, 0.4, 11.2, 2.4], "texture": "#0"},
				"south": {"uv": [8.6, 0.4, 11.2, 2.4], "texture": "#0"},
				"west": {"uv": [8.6, 0.4, 11.2, 2.4], "texture": "#0"},
				"up": {"uv": [8.6, 0.4, 11.2, 2.4], "texture": "#0"},
				"down": {"uv": [8.6, 0.4, 11.2, 2.4], "texture": "#0"}
			}
		},
		{
			"from": [-0.225, -5.77951, 2.1375],
			"to": [0.375, -5.17951, 2.2875],
			"rotation": {"angle": 45, "axis": "z", "origin": [0, -5.62951, 2.2125]},
			"faces": {
				"east": {"uv": [8.6, 0.4, 11.2, 2.4], "texture": "#0"},
				"south": {"uv": [8.6, 0.4, 11.2, 2.4], "texture": "#0"},
				"west": {"uv": [8.6, 0.4, 11.2, 2.4], "texture": "#0"},
				"up": {"uv": [8.6, 0.4, 11.2, 2.4], "texture": "#0"},
				"down": {"uv": [8.6, 0.4, 11.2, 2.4], "texture": "#0"}
			}
		},
		{
			"from": [-4.4, -3.42951, 2.1375],
			"to": [-3.8, -2.82951, 2.2875],
			"rotation": {"angle": 0, "axis": "y", "origin": [0, -3.07951, -3.8625]},
			"faces": {
				"east": {"uv": [8.6, 0.4, 11.2, 2.4], "texture": "#0"},
				"south": {"uv": [8.6, 0.4, 11.2, 2.4], "texture": "#0"},
				"west": {"uv": [8.6, 0.4, 11.2, 2.4], "texture": "#0"},
				"up": {"uv": [8.6, 0.4, 11.2, 2.4], "texture": "#0"},
				"down": {"uv": [8.6, 0.4, 11.2, 2.4], "texture": "#0"}
			}
		},
		{
			"from": [-0.798, 3.97049, 0.6376],
			"to": [8.1, 5.47049, 2.1379],
			"rotation": {"angle": -22.5, "axis": "z", "origin": [8.25, 5.17049, 1.3875]},
			"faces": {
				"north": {"uv": [0.45333, 0.4, 8.16, 2.88], "rotation": 180, "texture": "#0"},
				"east": {"uv": [0, 0.29333, 8.56, 3.14667], "rotation": 180, "texture": "#0"},
				"south": {"uv": [0.10667, 0.4, 5.41333, 2.93333], "rotation": 180, "texture": "#0"},
				"west": {"uv": [0, 0.66667, 5.92, 2.61333], "rotation": 180, "texture": "#0"},
				"up": {"uv": [0.66667, 0.4, 6.61333, 3.14667], "rotation": 180, "texture": "#0"},
				"down": {"uv": [0, 0.4, 6.29333, 3.09333], "rotation": 180, "texture": "#0"}
			}
		},
		{
			"from": [-8.1, 3.97049, 0.6373],
			"to": [0.798, 5.47049, 2.1374],
			"rotation": {"angle": 22.5, "axis": "z", "origin": [-8.25, 5.17049, 1.3875]},
			"faces": {
				"north": {"uv": [0.45333, 0.4, 8.16, 2.88], "rotation": 180, "texture": "#0"},
				"east": {"uv": [0, 0.29333, 8.56, 3.14667], "rotation": 180, "texture": "#0"},
				"south": {"uv": [0.10667, 0.4, 5.41333, 2.93333], "rotation": 180, "texture": "#0"},
				"west": {"uv": [0, 0.66667, 5.92, 2.61333], "rotation": 180, "texture": "#0"},
				"up": {"uv": [0.66667, 0.4, 6.61333, 3.14667], "rotation": 180, "texture": "#0"},
				"down": {"uv": [0, 0.4, 6.29333, 3.09333], "rotation": 180, "texture": "#0"}
			}
		},
		{
			"from": [6.68506, 1.28504, 0.6373],
			"to": [8.18506, 5.48504, 2.1373],
			"rotation": {"angle": 0, "axis": "z", "origin": [6.68506, -0.36496, 1.3875]},
			"faces": {
				"north": {"uv": [0.45333, 0.4, 8.16, 2.88], "rotation": 90, "texture": "#0"},
				"east": {"uv": [0, 0.29333, 8.56, 3.14667], "rotation": 90, "texture": "#0"},
				"south": {"uv": [0.10667, 0.4, 5.41333, 2.93333], "rotation": 90, "texture": "#0"},
				"west": {"uv": [0, 0.66667, 5.92, 2.61333], "rotation": 90, "texture": "#0"}
			}
		},
		{
			"from": [4.07977, -4.05047, 0.6375],
			"to": [5.57977, 1.94953, 2.1378],
			"rotation": {"angle": -22.5, "axis": "z", "origin": [5.20477, -4.95047, 1.3875]},
			"faces": {
				"north": {"uv": [0.45333, 0.4, 8.16, 2.88], "rotation": 270, "texture": "#0"},
				"east": {"uv": [0, 0.29333, 8.56, 3.14667], "rotation": 270, "texture": "#0"},
				"south": {"uv": [0.10667, 0.4, 5.41333, 2.93333], "rotation": 270, "texture": "#0"},
				"west": {"uv": [0, 0.66667, 5.92, 2.61333], "rotation": 270, "texture": "#0"}
			}
		},
		{
			"from": [1.40318, -7.86562, 0.6374],
			"to": [2.90318, -4.26562, 2.1375],
			"rotation": {"angle": -45, "axis": "z", "origin": [4.40318, -7.86562, 1.3875]},
			"faces": {
				"north": {"uv": [0.45333, 0.4, 8.16, 2.88], "rotation": 270, "texture": "#0"},
				"east": {"uv": [0, 0.29333, 8.56, 3.14667], "rotation": 270, "texture": "#0"},
				"south": {"uv": [0.10667, 0.4, 5.41333, 2.93333], "rotation": 270, "texture": "#0"},
				"west": {"uv": [0, 0.66667, 5.92, 2.61333], "rotation": 270, "texture": "#0"}
			}
		},
		{
			"from": [-3.35226, -7.60422, 0.6374],
			"to": [0.27899, -6.10422, 2.1375],
			"rotation": {"angle": -22.5, "axis": "z", "origin": [-1.32726, -7.22922, 1.3875]},
			"faces": {
				"north": {"uv": [0.45333, 0.4, 8.16, 2.88], "texture": "#0"},
				"south": {"uv": [0.10667, 0.4, 5.41333, 2.93333], "texture": "#0"},
				"up": {"uv": [0.66667, 0.4, 6.61333, 3.14667], "texture": "#0"},
				"down": {"uv": [0, 0.4, 6.29333, 3.09333], "texture": "#0"}
			}
		},
		{
			"from": [-0.27899, -7.60422, 0.6375],
			"to": [3.35226, -6.10422, 2.1378],
			"rotation": {"angle": 22.5, "axis": "z", "origin": [1.32726, -7.22922, 1.3875]},
			"faces": {
				"north": {"uv": [0.45333, 0.4, 8.16, 2.88], "texture": "#0"},
				"south": {"uv": [0.10667, 0.4, 5.41333, 2.93333], "texture": "#0"},
				"up": {"uv": [0.66667, 0.4, 6.61333, 3.14667], "texture": "#0"},
				"down": {"uv": [0, 0.4, 6.29333, 3.09333], "texture": "#0"}
			}
		},
		{
			"from": [-2.90318, -7.86562, 0.6375],
			"to": [-1.40318, -4.26562, 2.1378],
			"rotation": {"angle": 45, "axis": "z", "origin": [-4.40318, -7.86562, 1.3875]},
			"faces": {
				"north": {"uv": [0.45333, 0.4, 8.16, 2.88], "rotation": 270, "texture": "#0"},
				"east": {"uv": [0, 0.29333, 8.56, 3.14667], "rotation": 270, "texture": "#0"},
				"south": {"uv": [0.10667, 0.4, 5.41333, 2.93333], "rotation": 270, "texture": "#0"},
				"west": {"uv": [0, 0.66667, 5.92, 2.61333], "rotation": 270, "texture": "#0"}
			}
		},
		{
			"from": [-5.57977, -4.05047, 0.6374],
			"to": [-4.07977, 1.94953, 2.1375],
			"rotation": {"angle": 22.5, "axis": "z", "origin": [-5.20477, -4.95047, 1.3875]},
			"faces": {
				"north": {"uv": [0.45333, 0.4, 8.16, 2.88], "rotation": 270, "texture": "#0"},
				"east": {"uv": [0, 0.29333, 8.56, 3.14667], "rotation": 270, "texture": "#0"},
				"south": {"uv": [0.10667, 0.4, 5.41333, 2.93333], "rotation": 270, "texture": "#0"},
				"west": {"uv": [0, 0.66667, 5.92, 2.61333], "rotation": 270, "texture": "#0"}
			}
		},
		{
			"from": [-8.18506, 1.28504, 0.6375],
			"to": [-6.68506, 5.48504, 2.1378],
			"rotation": {"angle": 0, "axis": "z", "origin": [-6.68506, -0.36496, 1.3875]},
			"faces": {
				"north": {"uv": [0.45333, 0.4, 8.16, 2.88], "rotation": 90, "texture": "#0"},
				"east": {"uv": [0, 0.29333, 8.56, 3.14667], "rotation": 90, "texture": "#0"},
				"south": {"uv": [0.10667, 0.4, 5.41333, 2.93333], "rotation": 90, "texture": "#0"},
				"west": {"uv": [0, 0.66667, 5.92, 2.61333], "rotation": 90, "texture": "#0"}
			}
		},
		{
			"from": [0.525, -6.15451, 0.6376],
			"to": [1.275, -4.55451, 2.1365],
			"rotation": {"angle": 22.5, "axis": "z", "origin": [0.9, -5.62951, 1.3875]},
			"faces": {
				"north": {"uv": [0.45333, 0.4, 8.16, 2.88], "texture": "#0"},
				"east": {"uv": [0, 0.29333, 8.56, 3.14667], "texture": "#0"},
				"south": {"uv": [0.10667, 0.4, 5.41333, 2.93333], "texture": "#0"},
				"up": {"uv": [0.66667, 0.4, 6.61333, 3.14667], "texture": "#0"}
			}
		},
		{
			"from": [3.35717, -4.36355, 0.6376],
			"to": [3.80717, -3.08855, 2.1365],
			"rotation": {"angle": 22.5, "axis": "z", "origin": [3.58217, -3.68855, 1.3875]},
			"faces": {
				"north": {"uv": [0.45333, 0.4, 8.16, 2.88], "rotation": 180, "texture": "#0"},
				"south": {"uv": [0.10667, 0.4, 5.41333, 2.93333], "rotation": 180, "texture": "#0"},
				"west": {"uv": [0, 0.66667, 5.92, 2.61333], "rotation": 180, "texture": "#0"}
			}
		},
		{
			"from": [3.87031, -2.76739, 0.6376],
			"to": [4.77031, -2.31739, 2.1365],
			"rotation": {"angle": -22.5, "axis": "z", "origin": [4.58281, -3.06739, 1.3875]},
			"faces": {
				"north": {"uv": [0.45333, 0.4, 8.16, 2.88], "rotation": 90, "texture": "#0"},
				"south": {"uv": [0.10667, 0.4, 5.41333, 2.93333], "rotation": 90, "texture": "#0"},
				"west": {"uv": [0, 0.66667, 5.92, 2.61333], "rotation": 90, "texture": "#0"},
				"up": {"uv": [0.66667, 0.4, 6.61333, 3.14667], "rotation": 90, "texture": "#0"}
			}
		},
		{
			"from": [0.375, 6.29549, 0.6376],
			"to": [0.975, 7.64549, 2.1365],
			"rotation": {"angle": -22.5, "axis": "z", "origin": [-1.0125, 6.44549, 1.3875]},
			"faces": {
				"north": {"uv": [0.45333, 0.4, 8.16, 2.88], "texture": "#0"},
				"east": {"uv": [0, 0.29333, 8.56, 3.14667], "texture": "#0"},
				"south": {"uv": [0.10667, 0.4, 5.41333, 2.93333], "texture": "#0"}
			}
		},
		{
			"from": [5.45822, 4.19358, 0.6376],
			"to": [6.15822, 4.94358, 2.1365],
			"rotation": {"angle": -22.5, "axis": "z", "origin": [5.72072, 4.79358, 1.3875]},
			"faces": {
				"north": {"uv": [0.45333, 0.4, 8.16, 2.88], "rotation": 180, "texture": "#0"},
				"south": {"uv": [0.10667, 0.4, 5.41333, 2.93333], "rotation": 180, "texture": "#0"},
				"west": {"uv": [0, 0.66667, 5.92, 2.61333], "rotation": 180, "texture": "#0"}
			}
		},
		{
			"from": [5.83322, 2.99358, 0.6376],
			"to": [6.73322, 3.59358, 2.1365],
			"rotation": {"angle": 0, "axis": "z", "origin": [6.84572, 2.91858, 1.3875]},
			"faces": {
				"north": {"uv": [0.45333, 0.4, 8.16, 2.88], "rotation": 90, "texture": "#0"},
				"south": {"uv": [0.10667, 0.4, 5.41333, 2.93333], "rotation": 90, "texture": "#0"},
				"down": {"uv": [0, 0.4, 6.29333, 3.09333], "rotation": 90, "texture": "#0"}
			}
		},
		{
			"from": [4.02115, 0.83995, 0.6374],
			"to": [5.22115, 2.33995, 2.1373],
			"rotation": {"angle": -45, "axis": "z", "origin": [-1.30385, -0.09755, 1.3875]},
			"faces": {
				"north": {"uv": [0.45333, 0.4, 8.16, 2.88], "rotation": 90, "texture": "#0"},
				"east": {"uv": [0, 0.29333, 8.56, 3.14667], "rotation": 90, "texture": "#0"},
				"south": {"uv": [0.10667, 0.4, 5.41333, 2.93333], "rotation": 90, "texture": "#0"},
				"west": {"uv": [0, 0.66667, 5.92, 2.61333], "rotation": 90, "texture": "#0"},
				"up": {"uv": [0.66667, 0.4, 6.61333, 3.14667], "rotation": 90, "texture": "#0"},
				"down": {"uv": [0, 0.4, 6.29333, 3.09333], "rotation": 90, "texture": "#0"}
			}
		},
		{
			"from": [5.5125, 3.63299, 0.6374],
			"to": [6.9375, 5.13299, 2.1373],
			"rotation": {"angle": 22.5, "axis": "z", "origin": [7.3125, 4.04549, 1.3875]},
			"faces": {
				"north": {"uv": [0.45333, 0.4, 8.16, 2.88], "rotation": 90, "texture": "#0"},
				"south": {"uv": [0.10667, 0.4, 5.41333, 2.93333], "rotation": 90, "texture": "#0"},
				"west": {"uv": [0, 0.66667, 5.92, 2.61333], "rotation": 90, "texture": "#0"},
				"up": {"uv": [0.66667, 0.4, 6.61333, 3.14667], "rotation": 90, "texture": "#0"},
				"down": {"uv": [0, 0.4, 6.29333, 3.09333], "rotation": 90, "texture": "#0"}
			}
		},
		{
			"from": [-1.275, -6.15451, 0.6376],
			"to": [-0.525, -4.55451, 2.1365],
			"rotation": {"angle": -22.5, "axis": "z", "origin": [-0.9, -5.62951, 1.3875]},
			"faces": {
				"north": {"uv": [0.45333, 0.4, 8.16, 2.88], "texture": "#0"},
				"south": {"uv": [0.10667, 0.4, 5.41333, 2.93333], "texture": "#0"},
				"west": {"uv": [0, 0.66667, 5.92, 2.61333], "texture": "#0"},
				"up": {"uv": [0.66667, 0.4, 6.61333, 3.14667], "texture": "#0"}
			}
		},
		{
			"from": [-0.8, -6.60451, 0.6374],
			"to": [0.8, -4.50451, 2.1372],
			"rotation": {"angle": 0, "axis": "y", "origin": [0, -3.07951, -3.8625]},
			"faces": {
				"north": {"uv": [0.45333, 0.4, 8.16, 2.88], "texture": "#0"},
				"south": {"uv": [0.10667, 0.4, 5.41333, 2.93333], "texture": "#0"},
				"up": {"uv": [0.66667, 0.4, 6.61333, 3.14667], "texture": "#0"}
			}
		},
		{
			"from": [-3.80717, -4.36355, 0.6376],
			"to": [-3.35717, -3.08855, 2.1365],
			"rotation": {"angle": -22.5, "axis": "z", "origin": [-3.58217, -3.68855, 1.3875]},
			"faces": {
				"north": {"uv": [0.45333, 0.4, 8.16, 2.88], "rotation": 180, "texture": "#0"},
				"east": {"uv": [0, 0.29333, 8.56, 3.14667], "rotation": 180, "texture": "#0"},
				"south": {"uv": [0.10667, 0.4, 5.41333, 2.93333], "rotation": 180, "texture": "#0"}
			}
		},
		{
			"from": [-4.77031, -2.71739, 0.6376],
			"to": [-3.87031, -2.31739, 2.1365],
			"rotation": {"angle": 22.5, "axis": "z", "origin": [-4.58281, -3.06739, 1.3875]},
			"faces": {
				"north": {"uv": [0.45333, 0.4, 8.16, 2.88], "rotation": 90, "texture": "#0"},
				"east": {"uv": [0, 0.29333, 8.56, 3.14667], "rotation": 90, "texture": "#0"},
				"south": {"uv": [0.10667, 0.4, 5.41333, 2.93333], "rotation": 90, "texture": "#0"},
				"up": {"uv": [0.66667, 0.4, 6.61333, 3.14667], "rotation": 90, "texture": "#0"}
			}
		},
		{
			"from": [-5.22115, 0.83995, 0.6374],
			"to": [-4.02115, 2.33995, 2.1373],
			"rotation": {"angle": 45, "axis": "z", "origin": [1.30385, -0.09755, 1.3875]},
			"faces": {
				"north": {"uv": [0.45333, 0.4, 8.16, 2.88], "rotation": 90, "texture": "#0"},
				"east": {"uv": [0, 0.29333, 8.56, 3.14667], "rotation": 90, "texture": "#0"},
				"south": {"uv": [0.10667, 0.4, 5.41333, 2.93333], "rotation": 90, "texture": "#0"},
				"west": {"uv": [0, 0.66667, 5.92, 2.61333], "rotation": 90, "texture": "#0"},
				"up": {"uv": [0.66667, 0.4, 6.61333, 3.14667], "rotation": 90, "texture": "#0"},
				"down": {"uv": [0, 0.4, 6.29333, 3.09333], "rotation": 90, "texture": "#0"}
			}
		},
		{
			"from": [-6.20822, 4.19358, 0.6376],
			"to": [-5.45822, 4.94358, 2.1365],
			"rotation": {"angle": 22.5, "axis": "z", "origin": [-5.72072, 4.79358, 1.3875]},
			"faces": {
				"north": {"uv": [2.45333, 1.2, 7.76, 1.68], "rotation": 180, "texture": "#0"},
				"east": {"uv": [0, 0.29333, 8.56, 3.14667], "rotation": 180, "texture": "#0"},
				"south": {"uv": [0.10667, 0.4, 5.41333, 2.93333], "rotation": 180, "texture": "#0"}
			}
		},
		{
			"from": [-6.73322, 2.99358, 0.6376],
			"to": [-5.83322, 3.59358, 2.1365],
			"rotation": {"angle": 0, "axis": "z", "origin": [-6.84572, 2.91858, 1.3875]},
			"faces": {
				"north": {"uv": [0.45333, 0.4, 8.16, 2.88], "rotation": 90, "texture": "#0"},
				"south": {"uv": [0.10667, 0.4, 5.41333, 2.93333], "rotation": 90, "texture": "#0"},
				"down": {"uv": [0, 0.4, 6.29333, 3.09333], "rotation": 90, "texture": "#0"}
			}
		},
		{
			"from": [-6.9375, 3.63299, 0.6374],
			"to": [-5.5125, 5.13299, 2.1372],
			"rotation": {"angle": -22.5, "axis": "z", "origin": [-7.3125, 4.04549, 1.3875]},
			"faces": {
				"north": {"uv": [0.45333, 0.4, 8.16, 2.88], "rotation": 90, "texture": "#0"},
				"east": {"uv": [0, 0.29333, 8.56, 3.14667], "rotation": 90, "texture": "#0"},
				"south": {"uv": [0.10667, 0.4, 5.41333, 2.93333], "rotation": 90, "texture": "#0"},
				"west": {"uv": [0, 0.66667, 5.92, 2.61333], "rotation": 90, "texture": "#0"},
				"up": {"uv": [0.66667, 0.4, 6.61333, 3.14667], "rotation": 90, "texture": "#0"},
				"down": {"uv": [0, 0.4, 6.29333, 3.09333], "rotation": 90, "texture": "#0"}
			}
		},
		{
			"from": [-0.975, 6.29549, 0.6376],
			"to": [-0.375, 7.64549, 2.1365],
			"rotation": {"angle": 22.5, "axis": "z", "origin": [1.0125, 6.44549, 1.3875]},
			"faces": {
				"north": {"uv": [0.45333, 0.4, 8.16, 2.88], "texture": "#0"},
				"south": {"uv": [0.10667, 0.4, 5.41333, 2.93333], "texture": "#0"},
				"west": {"uv": [0, 0.66667, 5.92, 2.61333], "texture": "#0"}
			}
		},
		{
			"from": [-0.75, 5.54549, 0.6374],
			"to": [0.75, 7.34549, 2.1372],
			"rotation": {"angle": 0, "axis": "y", "origin": [0, -3.07951, -3.8625]},
			"faces": {
				"north": {"uv": [0.45333, 0.4, 8.16, 2.88], "texture": "#0"},
				"east": {"uv": [0, 0.29333, 8.56, 3.14667], "texture": "#0"},
				"south": {"uv": [0.10667, 0.4, 5.41333, 2.93333], "texture": "#0"},
				"west": {"uv": [0, 0.66667, 5.92, 2.61333], "texture": "#0"},
				"up": {"uv": [0.66667, 0.4, 6.61333, 3.14667], "texture": "#0"},
				"down": {"uv": [0, 0.4, 6.29333, 3.09333], "texture": "#0"}
			}
		}
	],
	"gui_light": "front",
	"display": {
		"thirdperson_righthand": {
			"rotation": [0, 90, 0],
			"translation": [10, 6, -4]
		},
		"thirdperson_lefthand": {
			"rotation": [0, 90, 0],
			"translation": [10, 6, 12]
		},
		"firstperson_righthand": {
			"rotation": [0, 180, 5],
			"translation": [-10, 2, -10],
			"scale": [1.25, 1.25, 1.25]
		},
		"firstperson_lefthand": {
			"rotation": [0, 180, 5],
			"translation": [10, 0, -10],
			"scale": [1.25, 1.25, 1.25]
		},
		"ground": {
			"translation": [2.25, 2.25, 2.25],
			"scale": [0.25, 0.25, 0.25]
		},
		"gui": {
			"rotation": [15, -25, -5],
			"translation": [3, 3, 0],
			"scale": [0.65, 0.65, 0.65]
		},
		"head": {
			"rotation": [0, 0, -25],
			"translation": [10.25, -11.25, 12.75]
		},
		"fixed": {
			"rotation": [0, 180, 0],
			"translation": [-8, 7.5, -7.25]
		}
	},
	"groups": [
		0,
		{
			"name": "arms",
			"origin": [0.82284, 13.68519, 3.5],
			"color": 0,
			"children": [1, 2, 3, 4, 5, 6, 7, 8, 9, 10, 11, 12, 13, 14, 15, 16, 17, 18, 19, 20]
		},
		{
			"name": "board",
			"origin": [0, 0, 0],
			"color": 5,
			"children": [21, 22, 23, 24, 25]
		},
		{
			"name": "pyramid",
			"origin": [-0.17678, 3.92678, 3.125],
			"color": 0,
			"children": [26, 27, 28, 29, 30, 31, 32, 33, 34, 35, 36, 37, 38, 39, 40, 41, 42, 43, 44, 45, 46, 47, 48, 49, 50, 51, 52, 53, 54, 55]
		},
		{
			"name": "bird",
			"origin": [-0.05, -1.2, 0],
			"color": 3,
			"children": [
				56,
				57,
				58,
				59,
				60,
				61,
				62,
				63,
				64,
				65,
				66,
				67,
				68,
				69,
				70,
				71,
				72,
				73,
				74,
				75,
				76,
				77,
				78,
				79,
				80,
				81,
				82,
				83,
				84,
				85,
				86,
				87,
				88,
				89,
				90,
				91,
				92,
				93,
				94,
				95,
				96,
				97,
				98,
				99,
				100,
				101,
				102,
				103,
				104,
				105,
				106,
				107,
				108
			]
		},
		{
			"name": "bolts",
			"origin": [0, -3.07951, -3.8625],
			"color": 0,
			"children": [109, 110, 111, 112, 113, 114]
		},
		{
			"name": "frame",
			"origin": [-4.45671, 1.8097, 3.5],
			"color": 9,
			"children": [115, 116, 117, 118, 119, 120, 121, 122, 123, 124, 125, 126, 127, 128, 129, 130, 131, 132, 133, 134, 135, 136, 137, 138, 139, 140, 141, 142]
		}
	]
}