{
	"credit": "Made by Squatting_Slav",
	"textures": {
		"gold": "block/gold_block",
		"copper": "block/copper_block",
		"black": "block/black_concrete",
		"iron": "block/iron_block",
		"particle": "ve/blade_blue",
		"blade": "ve/blade_blue"
	},
	"elements": [
		{
			"from": [8.85, -10.125, 7.25],
			"to": [9, -3.625, 8.75],
			"rotation": {"angle": 0, "axis": "y", "origin": [8, 1, 8]},
			"faces": {
				"north": {"uv": [0, 3, 15, 4], "rotation": 90, "texture": "#iron"},
				"east": {"uv": [0, 3, 15, 7], "rotation": 90, "texture": "#iron"},
				"south": {"uv": [0, 6, 15, 7], "rotation": 90, "texture": "#iron"},
				"up": {"uv": [0, 3, 1, 7], "texture": "#iron"}
			}
		},
		{
			"from": [7.25, -10.5, 8.85],
			"to": [8.75, -2.625, 9],
			"rotation": {"angle": 0, "axis": "y", "origin": [8, 1, 8]},
			"faces": {
				"east": {"uv": [0, 3, 15, 4], "rotation": 90, "texture": "#iron"},
				"south": {"uv": [0, 3, 15, 7], "rotation": 90, "texture": "#iron"},
				"west": {"uv": [15, 6, 0, 7], "rotation": 270, "texture": "#iron"},
				"up": {"uv": [0, 3, 1, 7], "rotation": 90, "texture": "#iron"}
			}
		},
		{
			"from": [7.25, -10.125, 7],
			"to": [8.75, -3.625, 7.15],
			"rotation": {"angle": 0, "axis": "y", "origin": [8, 1, 8]},
			"faces": {
				"north": {"uv": [0, 3, 15, 7], "rotation": 90, "texture": "#iron"},
				"east": {"uv": [0, 6, 15, 7], "rotation": 90, "texture": "#iron"},
				"west": {"uv": [0, 3, 15, 4], "rotation": 90, "texture": "#iron"},
				"up": {"uv": [0, 3, 1, 7], "rotation": 90, "texture": "#iron"}
			}
		},
		{
			"from": [7, -10.125, 7.25],
			"to": [7.15, -3.625, 8.75],
			"rotation": {"angle": 0, "axis": "y", "origin": [8, 1, 8]},
			"faces": {
				"north": {"uv": [0, 3, 15, 4], "rotation": 90, "texture": "#iron"},
				"south": {"uv": [0, 6, 15, 7], "rotation": 90, "texture": "#iron"},
				"west": {"uv": [0, 3, 15, 7], "rotation": 90, "texture": "#iron"},
				"up": {"uv": [0, 3, 1, 7], "texture": "#iron"}
			}
		},
		{
			"from": [7.15, -15.5, 7.15],
			"to": [8.85, -3.625, 8.85],
			"rotation": {"angle": 0, "axis": "y", "origin": [8, 1, 8]},
			"faces": {
				"north": {"uv": [0, 9, 16, 13], "texture": "#iron"},
				"east": {"uv": [0, 9, 16, 13], "texture": "#iron"},
				"south": {"uv": [0, 9, 16, 13], "texture": "#iron"},
				"west": {"uv": [0, 9, 16, 13], "rotation": 90, "texture": "#iron"},
				"up": {"uv": [0, 0, 16, 16], "rotation": 90, "texture": "#iron"},
				"down": {"uv": [0, 9, 16, 13], "rotation": 270, "texture": "#iron"}
			}
		},
		{
			"from": [7.5, -4.5, 9],
			"to": [7.875, -3.5, 10.125],
			"rotation": {"angle": 0, "axis": "y", "origin": [8, 1, 8]},
			"faces": {
				"east": {"uv": [9, 6, 11, 4], "rotation": 180, "texture": "#iron"},
				"south": {"uv": [10, 5, 11, 4], "texture": "#iron"},
				"west": {"uv": [9, 4, 11, 6], "texture": "#iron"},
				"up": {"uv": [9, 4, 11, 5], "rotation": 90, "texture": "#iron"},
				"down": {"uv": [9, 5, 11, 6], "texture": "#iron"}
			}
		},
		{
			"from": [8.125, -4.5, 9],
			"to": [8.5, -3.5, 10.125],
			"rotation": {"angle": 0, "axis": "y", "origin": [8, 1, 8]},
			"faces": {
				"east": {"uv": [9, 4, 11, 6], "rotation": 180, "texture": "#iron"},
				"south": {"uv": [10, 4, 11, 6], "rotation": 180, "texture": "#iron"},
				"west": {"uv": [9, 4, 11, 6], "rotation": 180, "texture": "#iron"},
				"up": {"uv": [9, 5, 11, 6], "rotation": 180, "texture": "#iron"},
				"down": {"uv": [9, 4, 11, 5], "rotation": 270, "texture": "#iron"}
			}
		},
		{
			"from": [8.75, -10.65, 7.75],
			"to": [9.5, -8.475, 8.25],
			"rotation": {"angle": 0, "axis": "y", "origin": [8, 1, 8]},
			"faces": {
				"north": {"uv": [1, 0.5, 0.25, 15.5], "texture": "#gold"},
				"east": {"uv": [0, 0.5, 1, 15.5], "texture": "#gold"},
				"south": {"uv": [0, 15.5, 0.75, 0.5], "texture": "#gold"},
				"up": {"uv": [0.5, 2.5, 1, 3.5], "texture": "#gold"},
				"down": {"uv": [0.5, 2.5, 1, 3.5], "texture": "#gold"}
			}
		},
		{
			"from": [6.95, -10.625, 6.95],
			"to": [9.05, -10.125, 9.05],
			"rotation": {"angle": 0, "axis": "y", "origin": [8.025, 1, 8.075]},
			"faces": {
				"north": {"uv": [0, 0, 10, 1], "texture": "#gold"},
				"east": {"uv": [0, 0, 10, 1], "texture": "#gold"},
				"south": {"uv": [0, 0, 10, 1], "texture": "#gold"},
				"west": {"uv": [0, 0, 10, 1], "texture": "#gold"},
				"up": {"uv": [0, 0, 10, 1], "texture": "#gold"},
				"down": {"uv": [0, 0, 10, 1], "texture": "#gold"}
			}
		},
		{
			"from": [6.95, -9, 6.95],
			"to": [9.05, -8.5, 9.05],
			"rotation": {"angle": 0, "axis": "y", "origin": [7.975, 1, 8.05]},
			"faces": {
				"north": {"uv": [0, 0, 10, 1], "texture": "#gold"},
				"east": {"uv": [0, 0, 10, 1], "texture": "#gold"},
				"south": {"uv": [0, 0, 10, 1], "texture": "#gold"},
				"west": {"uv": [0, 0, 10, 1], "texture": "#gold"},
				"up": {"uv": [0, 0, 10, 1], "texture": "#gold"},
				"down": {"uv": [0, 0, 10, 1], "texture": "#gold"}
			}
		},
		{
			"from": [7.625, -6, 8.9375],
			"to": [8.5, -5.125, 9.5625],
			"rotation": {"angle": 0, "axis": "y", "origin": [8, 1, 8.0625]},
			"faces": {
				"east": {"uv": [14.25, 6.5, 15.5, 12.5], "rotation": 180, "texture": "#iron"},
				"south": {"uv": [4, 2, 8, 6], "texture": "#copper"},
				"west": {"uv": [14.25, 6.5, 15.5, 12.5], "texture": "#iron"},
				"up": {"uv": [14.25, 6.5, 15.5, 12.5], "rotation": 90, "texture": "#iron"},
				"down": {"uv": [14.25, 6.5, 15.5, 12.5], "rotation": 270, "texture": "#iron"}
			}
		},
		{
			"from": [7.625, -6.5, 6.6875],
			"to": [8.5, -5.625, 7.0625],
			"rotation": {"angle": 0, "axis": "y", "origin": [8, 1, 8.0625]},
			"faces": {
				"north": {"uv": [4, 2, 8, 6], "texture": "#copper"},
				"east": {"uv": [14.5, 3.5, 15.5, 9.5], "texture": "#iron"},
				"west": {"uv": [14.5, 3.5, 15.5, 9.5], "rotation": 180, "texture": "#iron"},
				"up": {"uv": [14.5, 3.5, 15.5, 9.5], "rotation": 270, "texture": "#iron"},
				"down": {"uv": [14.5, 3.5, 15.5, 9.5], "rotation": 90, "texture": "#iron"}
			}
		},
		{
			"from": [6.75, -15, 7.175],
			"to": [9.25, -11, 7.55],
			"rotation": {"angle": 0, "axis": "y", "origin": [8, 1, 8]},
			"faces": {
				"north": {"uv": [8, 10, 10, 14], "texture": "#black"},
				"east": {"uv": [8, 10, 8, 14], "texture": "#black"},
				"south": {"uv": [10, 10, 12, 14], "texture": "#black"},
				"west": {"uv": [10, 10, 10, 14], "texture": "#black"},
				"up": {"uv": [10, 10, 8, 10], "texture": "#black"},
				"down": {"uv": [12, 10, 10, 10], "texture": "#black"}
			}
		},
		{
			"from": [6.6875, -15, 7.875],
			"to": [9.1875, -11, 8.25],
			"rotation": {"angle": 0, "axis": "y", "origin": [7.9375, 1, 8]},
			"faces": {
				"north": {"uv": [8, 10, 10, 14], "texture": "#black"},
				"east": {"uv": [8, 10, 8, 14], "texture": "#black"},
				"south": {"uv": [10, 10, 12, 14], "texture": "#black"},
				"west": {"uv": [10, 10, 10, 14], "texture": "#black"},
				"up": {"uv": [10, 10, 8, 10], "texture": "#black"},
				"down": {"uv": [12, 10, 10, 10], "texture": "#black"}
			}
		},
		{
			"from": [6.4375, -14.625, 7.75],
			"to": [7.1875, -14, 8.375],
			"rotation": {"angle": 0, "axis": "y", "origin": [7.9375, 1, 8]},
			"faces": {
				"north": {"uv": [12, 14, 12, 14], "texture": "#black"},
				"east": {"uv": [12, 14, 12, 14], "texture": "#black"},
				"south": {"uv": [12, 14, 12, 14], "texture": "#black"},
				"west": {"uv": [12, 14, 12, 14], "texture": "#black"},
				"up": {"uv": [12, 14, 12, 14], "texture": "#black"},
				"down": {"uv": [12, 14, 12, 14], "texture": "#black"}
			}
		},
		{
			"from": [6.75, -15, 8.45],
			"to": [9.25, -11, 8.825],
			"rotation": {"angle": 0, "axis": "y", "origin": [8, 1, 8]},
			"faces": {
				"north": {"uv": [8, 10, 10, 14], "texture": "#black"},
				"east": {"uv": [8, 10, 8, 14], "texture": "#black"},
				"south": {"uv": [10, 10, 12, 14], "texture": "#black"},
				"west": {"uv": [10, 10, 10, 14], "texture": "#black"},
				"up": {"uv": [10, 10, 8, 10], "texture": "#black"},
				"down": {"uv": [12, 10, 10, 10], "texture": "#black"}
			}
		},
		{
			"from": [7.175, -15, 6.75],
			"to": [7.55, -11, 9.25],
			"rotation": {"angle": 0, "axis": "y", "origin": [8, 1, 8]},
			"faces": {
				"north": {"uv": [10, 12, 10, 16], "texture": "#black"},
				"east": {"uv": [8, 12, 10, 16], "texture": "#black"},
				"south": {"uv": [12, 12, 12, 16], "texture": "#black"},
				"west": {"uv": [10, 12, 12, 16], "texture": "#black"},
				"up": {"uv": [10, 12, 10, 10], "texture": "#black"},
				"down": {"uv": [10, 10, 10, 12], "texture": "#black"}
			}
		},
		{
			"from": [7.8125, -15, 6.75],
			"to": [8.1875, -11, 9.25],
			"rotation": {"angle": 0, "axis": "y", "origin": [7.9375, 1, 8]},
			"faces": {
				"north": {"uv": [10, 12, 10, 16], "texture": "#black"},
				"east": {"uv": [8, 12, 10, 16], "texture": "#black"},
				"south": {"uv": [12, 12, 12, 16], "texture": "#black"},
				"west": {"uv": [10, 12, 12, 16], "texture": "#black"},
				"up": {"uv": [10, 12, 10, 10], "texture": "#black"},
				"down": {"uv": [10, 10, 10, 12], "texture": "#black"}
			}
		},
		{
			"from": [8.45, -15, 6.75],
			"to": [8.825, -11, 9.25],
			"rotation": {"angle": 0, "axis": "y", "origin": [8, 1, 8]},
			"faces": {
				"north": {"uv": [10, 12, 10, 16], "texture": "#black"},
				"east": {"uv": [8, 12, 10, 16], "texture": "#black"},
				"south": {"uv": [12, 12, 12, 16], "texture": "#black"},
				"west": {"uv": [10, 12, 12, 16], "texture": "#black"},
				"up": {"uv": [10, 12, 10, 10], "texture": "#black"},
				"down": {"uv": [10, 10, 10, 12], "texture": "#black"}
			}
		},
		{
			"name": "blade",
			"from": [7.15, -3.625, 7.15],
			"to": [8.85, 32, 8.85],
			"rotation": {"angle": 0, "axis": "y", "origin": [8.025, 1, 8.025]},
			"faces": {
				"north": {"uv": [0, 0, 16, 16], "texture": "#blade", "tintindex": 0},
				"east": {"uv": [0, 0, 16, 16], "texture": "#blade", "tintindex": 0},
				"south": {"uv": [0, 0, 16, 16], "texture": "#blade", "tintindex": 0},
				"west": {"uv": [0, 0, 16, 16], "texture": "#blade", "tintindex": 0},
				"up": {"uv": [0, 0, 16, 16], "texture": "#blade", "tintindex": 0},
				"down": {"uv": [0, 0, 16, 16], "texture": "#blade", "tintindex": 0}
			}
		}
	],
	"display": {
		"thirdperson_righthand": {
			"translation": [0, 11.25, 1],
			"scale": [0.75, 0.75, 0.75]
		},
		"thirdperson_lefthand": {
			"translation": [0, 11.25, 1],
			"scale": [0.75, 0.75, 0.75]
		},
		"firstperson_righthand": {
			"translation": [0, 17, 0]
		},
		"firstperson_lefthand": {
			"translation": [0, 17, 0]
		},
		"ground": {
			"translation": [0, 10.25, 0],
			"scale": [0.4, 0.4, 0.4]
		},
		"gui": {
			"rotation": [0, 0, -45],
			"scale": [0.45, 0.45, 0.45]
		},
		"head": {
			"rotation": [0, 0, 90],
			"translation": [1.5, 0, 0]
		},
		"fixed": {
			"rotation": [0, 0, 45],
			"scale": [0.5, 0.5, 0.5]
		}
	},
	"groups": [
		{
			"name": "silver",
			"origin": [8, 1, 8],
			"color": 0,
			"children": [0, 1, 2, 3, 4, 5, 6]
		},
		{
			"name": "gold_elements",
			"origin": [8.05, 1, 8.025],
			"color": 0,
			"children": [7, 8, 9]
		},
		{
			"name": "buttons",
			"origin": [8, 1, 8.0625],
			"color": 0,
			"children": [10, 11]
		},
		{
			"name": "plastic",
			"origin": [8, 1, 8],
			"color": 5,
			"children": [12, 13, 14, 15, 16, 17, 18]
		},
		19
	]
}