{
	"credit": "Made by Squatting_Slav",
	"parent": "block",
	"textures": {
		"2": "block/gold_block",
		"3": "block/iron_block",
		"copper_block": "block/copper_block",
		"gold_block": "block/mangrove_log",
		"particle": "block/gold_block"
	},
	"elements": [
		{
			"from": [13.5, 12, 2.5],
			"to": [16, 13, 16],
			"faces": {
				"east": {"uv": [0, 15, 13.5, 16], "texture": "#copper_block"},
				"south": {"uv": [13.5, 16, 16, 15], "texture": "#copper_block"},
				"west": {"uv": [1.25, 16, 14.75, 15], "texture": "#copper_block"},
				"up": {"uv": [13.5, 2.5, 16, 16], "texture": "#copper_block"},
				"down": {"uv": [13.5, 0, 16, 13.5], "texture": "#copper_block"}
			}
		},
		{
			"from": [2.5, 12, 0],
			"to": [16, 13, 2.5],
			"faces": {
				"north": {"uv": [0, 16, 13.5, 15], "texture": "#copper_block"},
				"east": {"uv": [13.5, 15, 16, 16], "texture": "#copper_block"},
				"south": {"uv": [1.5, 16, 15, 15], "texture": "#copper_block"},
				"up": {"uv": [2.5, 0, 16, 2.5], "texture": "#copper_block"},
				"down": {"uv": [2.5, 13.5, 16, 16], "texture": "#copper_block"}
			}
		},
		{
			"from": [0, 12, 13.5],
			"to": [13.5, 13, 16],
			"faces": {
				"north": {"uv": [1.25, 16, 14.75, 15], "texture": "#copper_block"},
				"south": {"uv": [0, 16, 13.5, 15], "texture": "#copper_block"},
				"west": {"uv": [12, 16, 16, 15], "texture": "#copper_block"},
				"up": {"uv": [0, 13.5, 13.5, 16], "texture": "#copper_block"},
				"down": {"uv": [0, 0, 13.5, 2.5], "texture": "#copper_block"}
			}
		},
		{
			"from": [0, 12, 0],
			"to": [2.5, 13, 13.5],
			"faces": {
				"north": {"uv": [12, 16, 14.5, 15], "texture": "#copper_block"},
				"east": {"uv": [1, 16, 14.5, 15], "texture": "#copper_block"},
				"west": {"uv": [0, 16, 13.5, 15], "texture": "#copper_block"},
				"up": {"uv": [0, 0, 2.5, 13.5], "texture": "#copper_block"},
				"down": {"uv": [0, 2.5, 2.5, 16], "texture": "#copper_block"}
			}
		},
		{
			"from": [2.5, 13, 1.5],
			"to": [13.5, 16, 2.5],
			"faces": {
				"north": {"uv": [3, 0, 14, 3], "texture": "#gold_block"},
				"east": {"uv": [3, 11, 4, 14], "texture": "#gold_block"},
				"south": {"uv": [3, 11, 14, 14], "texture": "#gold_block"},
				"west": {"uv": [13, 0, 14, 3], "texture": "#gold_block"},
				"up": {"uv": [3, 3, 14, 4], "texture": "#gold_block"}
			}
		},
		{
			"from": [1.5, 13, 2.5],
			"to": [2.5, 16, 13.5],
			"faces": {
				"north": {"uv": [3, 0, 4, 3], "texture": "#gold_block"},
				"east": {"uv": [3, 11, 14, 14], "texture": "#gold_block"},
				"south": {"uv": [13, 11, 14, 14], "texture": "#gold_block"},
				"west": {"uv": [3, 0, 14, 3], "texture": "#gold_block"},
				"up": {"uv": [3, 3, 4, 14], "texture": "#gold_block"}
			}
		},
		{
			"from": [13.5, 13, 2.5],
			"to": [14.5, 16, 13.5],
			"faces": {
				"north": {"uv": [3, 0, 4, 3], "texture": "#gold_block"},
				"east": {"uv": [3, 11, 14, 14], "texture": "#gold_block"},
				"south": {"uv": [3, 11, 4, 14], "texture": "#gold_block"},
				"west": {"uv": [3, 0, 14, 3], "texture": "#gold_block"},
				"up": {"uv": [3, 3, 4, 14], "texture": "#gold_block"}
			}
		},
		{
			"from": [2.5, 13, 13.5],
			"to": [13.5, 16, 14.5],
			"faces": {
				"north": {"uv": [3, 0, 14, 3], "texture": "#gold_block"},
				"east": {"uv": [2, 11, 3, 14], "texture": "#gold_block"},
				"south": {"uv": [3, 11, 14, 14], "texture": "#gold_block"},
				"west": {"uv": [2, 0, 3, 3], "texture": "#gold_block"},
				"up": {"uv": [3, 3, 14, 4], "texture": "#gold_block"}
			}
		},
		{
			"from": [2.5, 16, 2.5],
			"to": [13.5, 17, 13.5],
			"faces": {
				"north": {"uv": [3, 2, 14, 3], "texture": "#gold_block"},
				"east": {"uv": [3, 11, 14, 12], "texture": "#gold_block"},
				"south": {"uv": [3, 11, 14, 12], "texture": "#gold_block"},
				"west": {"uv": [3, 2, 14, 3], "texture": "#gold_block"},
				"up": {"uv": [3, 3, 14, 14], "texture": "#gold_block"},
				"down": {"uv": [3, 3, 14, 14], "texture": "#gold_block"}
			}
		},
		{
			"from": [6, 16.5, -2.5],
			"to": [9, 17.5, 0],
			"faces": {
				"north": {"uv": [13, 0, 16, 1], "texture": "#3"},
				"east": {"uv": [0, 0, 0, 0], "texture": "#3"},
				"south": {"uv": [0, 0, 3, 1], "texture": "#3"},
				"west": {"uv": [0, 0, 3, 1], "texture": "#3"},
				"up": {"uv": [0, 0, 3, 2.5], "texture": "#3"},
				"down": {"uv": [0.5, 0.5, 3.5, 3], "texture": "#3"}
			}
		},
		{
			"from": [7, 13, 0.5],
			"to": [9, 17, 1.5],
			"faces": {
				"north": {"uv": [3, 2, 5, 6], "texture": "#3"},
				"east": {"uv": [2, 2, 3, 6], "texture": "#3"},
				"south": {"uv": [3, 2, 5, 6], "texture": "#3"},
				"west": {"uv": [5, 2, 6, 6], "texture": "#3"},
				"up": {"uv": [3, 1, 5, 2], "texture": "#3"}
			}
		},
		{
			"from": [7, 13, 14.5],
			"to": [9, 17, 15.5],
			"faces": {
				"north": {"uv": [3, 2, 5, 6], "texture": "#3"},
				"east": {"uv": [2, 2, 3, 6], "texture": "#3"},
				"south": {"uv": [3, 2, 5, 6], "texture": "#3"},
				"west": {"uv": [5, 2, 6, 6], "texture": "#3"},
				"up": {"uv": [3, 1, 5, 2], "texture": "#3"}
			}
		},
		{
			"from": [7, 17, 1.5],
			"to": [9, 18, 14.5],
			"faces": {
				"north": {"uv": [1.5, 0.5, 3.5, 1.5], "texture": "#3"},
				"east": {"uv": [1.5, 0, 14.5, 1], "texture": "#3"},
				"south": {"uv": [1.5, 14.5, 3.5, 15.5], "texture": "#3"},
				"west": {"uv": [1.5, 0, 14.5, 1], "texture": "#3"},
				"up": {"uv": [1.5, 1.5, 3.5, 14.5], "texture": "#3"},
				"down": {"uv": [1.5, 1.5, 3.5, 14.5], "texture": "#3"}
			}
		},
		{
			"from": [9, 14.5, -2.5],
			"to": [10, 17.5, 0],
			"faces": {
				"north": {"uv": [0, 0, 1, 3], "texture": "#3"},
				"east": {"uv": [13, 0, 16, 4], "texture": "#3"},
				"south": {"uv": [15, 0, 16, 3], "texture": "#3"},
				"west": {"uv": [13, 0.5, 15.5, 3.5], "texture": "#3"},
				"up": {"uv": [15, 0, 16, 2.5], "texture": "#3"},
				"down": {"uv": [0, 0, 0, 0], "texture": "#3"}
			}
		},
		{
			"from": [7, 14.5, -2],
			"to": [9, 16.5, 0.5],
			"faces": {
				"north": {"uv": [3, 2, 5, 4], "texture": "#2"},
				"east": {"uv": [3, 11.5, 5.5, 13.5], "texture": "#3"},
				"south": {"uv": [3, 11.5, 5, 13.5], "texture": "#3"},
				"west": {"uv": [3, 0, 5.5, 2], "texture": "#3"},
				"up": {"uv": [3, 3, 5, 5.5], "texture": "#3"},
				"down": {"uv": [0, 0, 2, 2.5], "texture": "#3"}
			}
		},
		{
			"from": [6, 13.5, -2.5],
			"to": [7, 16.5, 0],
			"faces": {
				"north": {"uv": [15, 13, 16, 16], "texture": "#3"},
				"east": {"uv": [0.5, 12.5, 3, 15.5], "texture": "#3"},
				"south": {"uv": [0, 13, 1, 16], "texture": "#3"},
				"west": {"uv": [0, 12, 3, 16], "texture": "#3"},
				"up": {"uv": [0, 0, 0, 0], "texture": "#3"},
				"down": {"uv": [0, 13.5, 1, 16], "texture": "#3"}
			}
		},
		{
			"from": [7, 13.5, -2.5],
			"to": [10, 14.5, 0],
			"faces": {
				"north": {"uv": [0, 15, 3, 16], "texture": "#3"},
				"east": {"uv": [13, 15, 16, 16], "texture": "#3"},
				"south": {"uv": [13, 15, 16, 16], "texture": "#3"},
				"west": {"uv": [0, 0, 0, 0], "texture": "#3"},
				"up": {"uv": [12.5, 13, 15.5, 15.5], "texture": "#3"},
				"down": {"uv": [13, 13.5, 16, 16], "texture": "#3"}
			}
		}
	],
	"display": {
		"thirdperson_righthand": {
			"rotation": [75, 45, 0],
			"translation": [0, 2.5, -2.5],
			"scale": [0.375, 0.375, 0.375]
		},
		"thirdperson_lefthand": {
			"rotation": [75, 45, 0],
			"translation": [0, 2.5, -2.5],
			"scale": [0.375, 0.375, 0.375]
		},
		"firstperson_righthand": {
			"rotation": [0, 45, 0],
			"scale": [0.4, 0.4, 0.4]
		},
		"firstperson_lefthand": {
			"rotation": [0, 225, 0],
			"scale": [0.4, 0.4, 0.4]
		},
		"ground": {
			"translation": [0, 3, 0],
			"scale": [0.25, 0.25, 0.25]
		},
		"gui": {
			"rotation": [30, 225, 0],
			"translation": [0, -3.5, 0],
			"scale": [0.625, 0.625, 0.625]
		},
		"head": {
			"translation": [0, -3.25, 0],
			"scale": [1.37, 1.37, 1.37]
		},
		"fixed": {
			"translation": [0, -3.25, 0],
			"scale": [0.5, 0.5, 0.5]
		}
	},
	"groups": [
		0,
		1,
		2,
		3,
		4,
		5,
		6,
		7,
		8,
		9,
		10,
		11,
		12,
		13,
		14,
		15,
		16,
		{
			"name": "group",
			"origin": [8, 8, -0.5],
			"color": 0,
			"children": []
		},
		{
			"name": "group",
			"origin": [8, 8, -0.5],
			"color": 0,
			"children": []
		}
	]
}