{
	"credit": "Made by Squatting_Slav",
	"textures": {
		"barreltaper": "block/barrel_side",
		"grip": "block/black_wool",
		"particle": "block/barrel_bottom",
		"knobend": "block/barrel_bottom"
	},
	"elements": [
		{
			"from": [6.5, 0, 6.5],
			"to": [9.5, 2, 9.5],
			"rotation": {"angle": 0, "axis": "y", "origin": [7, 0, 7]},
			"faces": {
				"north": {"uv": [7, 9, 10, 11], "rotation": 180, "texture": "#knobend"},
				"east": {"uv": [10, 6, 12, 9], "rotation": 270, "texture": "#knobend"},
				"south": {"uv": [7, 4, 10, 6], "texture": "#knobend"},
				"west": {"uv": [5, 6, 7, 9], "rotation": 90, "texture": "#knobend"},
				"up": {"uv": [2, 6, 5, 9], "texture": "#knobend"},
				"down": {"uv": [7, 6, 10, 9], "texture": "#knobend"}
			}
		},
		{
			"from": [7, 2, 7],
			"to": [9, 8.5, 9],
			"rotation": {"angle": 0, "axis": "y", "origin": [7, 0, 7]},
			"faces": {
				"north": {"uv": [6, 4, 8, 10.5], "texture": "#grip"},
				"east": {"uv": [12, 4, 14, 10.5], "texture": "#grip"},
				"south": {"uv": [10, 4, 12, 10.5], "texture": "#grip"},
				"west": {"uv": [8, 4, 10, 10.5], "texture": "#grip"}
			}
		},
		{
			"from": [6.5, 8.5, 6.5],
			"to": [9.5, 17.5, 9.5],
			"rotation": {"angle": 0, "axis": "y", "origin": [7, 0, 7]},
			"faces": {
				"north": {"uv": [0, 7, 3, 16], "texture": "#barreltaper"},
				"east": {"uv": [0, 7, 3, 16], "texture": "#barreltaper"},
				"south": {"uv": [0, 7, 3, 16], "texture": "#barreltaper"},
				"west": {"uv": [0, 7, 3, 16], "texture": "#barreltaper"},
				"down": {"uv": [0, 13, 3, 16], "texture": "#barreltaper"}
			}
		},
		{
			"from": [6.5, 26.5, 6.5],
			"to": [9.5, 27.5, 9.5],
			"rotation": {"angle": 0, "axis": "y", "origin": [7, 0, 7]},
			"faces": {
				"north": {"uv": [8, 4, 9, 7], "rotation": 90, "texture": "#knobend"},
				"east": {"uv": [8, 4, 9, 7], "rotation": 90, "texture": "#knobend"},
				"south": {"uv": [6, 4, 7, 7], "rotation": 90, "texture": "#knobend"},
				"west": {"uv": [6, 4, 7, 7], "rotation": 90, "texture": "#knobend"},
				"up": {"uv": [6, 4, 9, 7], "rotation": 90, "texture": "#knobend"}
			}
		},
		{
			"from": [6, 17.5, 6],
			"to": [10, 26.5, 10],
			"rotation": {"angle": 0, "axis": "y", "origin": [7, 0, 7]},
			"faces": {
				"north": {"uv": [3.5, 3.5, 7.5, 12.5], "texture": "#barreltaper"},
				"east": {"uv": [3.5, 3.5, 7.5, 12.5], "texture": "#barreltaper"},
				"south": {"uv": [7.5, 3.5, 11.5, 12.5], "texture": "#barreltaper"},
				"west": {"uv": [7.5, 3.5, 11.5, 12.5], "texture": "#barreltaper"},
				"up": {"uv": [3.5, 6, 7.5, 10], "texture": "#barreltaper"},
				"down": {"uv": [7.5, 6, 11.5, 10], "texture": "#barreltaper"}
			}
		}
	],
	"display": {
		"thirdperson_righthand": {
			"translation": [0, 0.25, 1.25],
			"scale": [0.8, 0.8, 0.8]
		},
		"thirdperson_lefthand": {
			"translation": [0, 0.25, 1.25],
			"scale": [0.8, 0.8, 0.8]
		},
		"firstperson_righthand": {
			"translation": [0, 0.25, 0],
			"scale": [0.8, 0.8, 0.82]
		},
		"firstperson_lefthand": {
			"translation": [0, 0.25, 0],
			"scale": [0.8, 0.8, 0.8]
		},
		"ground": {
			"translation": [0, 6.75, 0],
			"scale": [0.6, 0.6, 0.6]
		},
		"gui": {
			"rotation": [0, 0, -45],
			"translation": [-2.75, -2.75, 0],
			"scale": [0.7, 0.7, 0.7]
		},
		"head": {
			"rotation": [115, 0, 0],
			"translation": [0, 13.25, -13.75]
		},
		"fixed": {
			"rotation": [0, 0, 45],
			"translation": [3.75, -3.75, 0],
			"scale": [0.9, 0.9, 0.9]
		}
	}
}