{
	"credit": "Made by Squatting_Slav",
	"parent": "block",
	"textures": {
		"glass": "block/glass",
		"copper_block": "block/copper_block",
		"gold_block": "block/gold_block"
	},
	"elements": [
		{
			"from": [4, 4, 0],
			"to": [12, 12, 4],
			"faces": {
				"north": {"uv": [4, 4, 12, 12], "texture": "#glass"},
				"south": {"uv": [4, 4, 12, 12], "texture": "#glass"}
			}
		},
		{
			"from": [0, 12, 0],
			"to": [16, 16, 16],
			"faces": {
				"north": {"uv": [0, 0, 16, 4], "texture": "#copper_block"},
				"east": {"uv": [0, 0, 16, 4], "texture": "#copper_block"},
				"south": {"uv": [0, 0, 16, 4], "texture": "#copper_block"},
				"west": {"uv": [0, 0, 16, 4], "texture": "#copper_block"},
				"up": {"uv": [0, 0, 16, 16], "texture": "#copper_block"},
				"down": {"uv": [0, 0, 16, 16], "texture": "#copper_block"}
			}
		},
		{
			"from": [3, 17, 3],
			"to": [13, 18, 13],
			"faces": {
				"north": {"uv": [3, 1, 13, 3], "texture": "#gold_block"},
				"east": {"uv": [3, 13, 13, 15], "texture": "#gold_block"},
				"south": {"uv": [3, 13, 13, 15], "texture": "#gold_block"},
				"west": {"uv": [3, 1, 13, 3], "texture": "#gold_block"},
				"up": {"uv": [3, 3, 13, 13], "texture": "#gold_block"}
			}
		},
		{
			"from": [2, 16, 2],
			"to": [14, 17, 14],
			"faces": {
				"north": {"uv": [3, 1, 15, 2], "texture": "#copper_block"},
				"east": {"uv": [3, 13, 15, 14], "texture": "#copper_block"},
				"south": {"uv": [3, 13, 15, 14], "texture": "#copper_block"},
				"west": {"uv": [3, 1, 15, 2], "texture": "#copper_block"},
				"up": {"uv": [3, 3, 15, 15], "texture": "#copper_block"}
			}
		},
		{
			"from": [0, 0, 0],
			"to": [16, 4, 4],
			"faces": {
				"north": {"uv": [0, 12, 16, 16], "texture": "#copper_block"},
				"east": {"uv": [12, 12, 16, 16], "texture": "#copper_block"},
				"south": {"uv": [0, 0, 16, 4], "texture": "#copper_block"},
				"west": {"uv": [0, 12, 4, 16], "texture": "#copper_block"},
				"up": {"uv": [0, 12, 16, 16], "texture": "#copper_block"},
				"down": {"uv": [0, 12, 16, 16], "texture": "#copper_block"}
			}
		},
		{
			"from": [0, 0, 12],
			"to": [16, 4, 16],
			"faces": {
				"north": {"uv": [0, 0, 16, 4], "texture": "#copper_block"},
				"east": {"uv": [0, 12, 4, 16], "texture": "#copper_block"},
				"south": {"uv": [0, 12, 16, 16], "texture": "#copper_block"},
				"west": {"uv": [12, 12, 16, 16], "texture": "#copper_block"},
				"up": {"uv": [0, 0, 16, 4], "texture": "#copper_block"},
				"down": {"uv": [0, 0, 16, 4], "texture": "#copper_block"}
			}
		},
		{
			"from": [12, 0, 4],
			"to": [16, 4, 12],
			"faces": {
				"north": {"uv": [0, 12, 16, 16], "texture": "#copper_block"},
				"east": {"uv": [4, 12, 12, 16], "texture": "#copper_block"},
				"south": {"uv": [0, 12, 16, 16], "texture": "#copper_block"},
				"west": {"uv": [4, 0, 12, 4], "texture": "#copper_block"},
				"up": {"uv": [0, 4, 4, 12], "texture": "#copper_block"},
				"down": {"uv": [12, 4, 16, 12], "texture": "#copper_block"}
			}
		},
		{
			"from": [0, 0, 4],
			"to": [4, 4, 12],
			"faces": {
				"east": {"uv": [4, 0, 12, 4], "texture": "#copper_block"},
				"west": {"uv": [4, 12, 12, 16], "texture": "#copper_block"},
				"up": {"uv": [12, 4, 16, 12], "texture": "#copper_block"},
				"down": {"uv": [0, 4, 4, 12], "texture": "#copper_block"}
			}
		},
		{
			"from": [12, 4, 12],
			"to": [16, 12, 16],
			"faces": {
				"north": {"uv": [0, 4, 4, 12], "texture": "#copper_block"},
				"east": {"uv": [0, 4, 4, 12], "texture": "#copper_block"},
				"south": {"uv": [12, 4, 16, 12], "texture": "#copper_block"},
				"west": {"uv": [12, 4, 16, 12], "texture": "#copper_block"}
			}
		},
		{
			"from": [4, 4, 12],
			"to": [12, 12, 16],
			"rotation": {"angle": 0, "axis": "y", "origin": [8, 8, 8]},
			"faces": {
				"north": {"uv": [3.5, 3.5, 13, 13], "texture": "#glass"},
				"south": {"uv": [3.5, 3.5, 13, 13], "texture": "#glass"}
			}
		},
		{
			"from": [12, 4, 4],
			"to": [16, 12, 12],
			"rotation": {"angle": 0, "axis": "y", "origin": [8, 8, 8]},
			"faces": {
				"east": {"uv": [3.5, 3.5, 11.5, 11.5], "texture": "#glass"},
				"west": {"uv": [3.5, 3.5, 11.5, 11.5], "texture": "#glass"}
			}
		},
		{
			"from": [0, 4, 4],
			"to": [4, 12, 12],
			"rotation": {"angle": 0, "axis": "y", "origin": [8, 8, 8]},
			"faces": {
				"east": {"uv": [4, 4, 12, 12], "texture": "#glass"},
				"west": {"uv": [4, 4, 12, 12], "texture": "#glass"}
			}
		},
		{
			"from": [0, 4, 12],
			"to": [4, 12, 16],
			"faces": {
				"north": {"uv": [12, 4, 16, 12], "texture": "#copper_block"},
				"east": {"uv": [0, 4, 4, 12], "texture": "#copper_block"},
				"south": {"uv": [0, 4, 4, 12], "texture": "#copper_block"},
				"west": {"uv": [12, 4, 16, 12], "texture": "#copper_block"}
			}
		},
		{
			"from": [0, 4, 0],
			"to": [4, 12, 4],
			"faces": {
				"north": {"uv": [12, 4, 16, 12], "texture": "#copper_block"},
				"east": {"uv": [12, 4, 16, 12], "texture": "#copper_block"},
				"south": {"uv": [0, 4, 4, 12], "texture": "#copper_block"},
				"west": {"uv": [0, 4, 4, 12], "texture": "#copper_block"}
			}
		},
		{
			"from": [12, 4, 0],
			"to": [16, 12, 4],
			"faces": {
				"north": {"uv": [0, 4, 4, 12], "texture": "#copper_block"},
				"east": {"uv": [12, 4, 16, 12], "texture": "#copper_block"},
				"south": {"uv": [12, 4, 16, 12], "texture": "#copper_block"},
				"west": {"uv": [0, 4, 4, 12], "texture": "#copper_block"}
			}
		},
		{
			"from": [-1, 4, 12],
			"to": [0, 13, 13],
			"rotation": {"angle": 0, "axis": "y", "origin": [8, 8, 8]},
			"faces": {
				"north": {"uv": [3, 3, 12, 4], "rotation": 270, "texture": "#copper_block"},
				"east": {"uv": [3, 13, 12, 14], "rotation": 270, "texture": "#copper_block"},
				"south": {"uv": [3, 3, 12, 4], "rotation": 270, "texture": "#copper_block"},
				"west": {"uv": [3, 1, 12, 2], "rotation": 90, "texture": "#copper_block"},
				"up": {"uv": [3, 13, 4, 14], "rotation": 180, "texture": "#copper_block"}
			}
		},
		{
			"from": [-1, 3, 4],
			"to": [0, 4, 13],
			"rotation": {"angle": 0, "axis": "y", "origin": [8, 8, 8]},
			"faces": {
				"east": {"uv": [3, 13, 12, 14], "rotation": 180, "texture": "#copper_block"},
				"south": {"uv": [3, 13, 4, 14], "rotation": 180, "texture": "#copper_block"},
				"west": {"uv": [3, 1, 12, 2], "rotation": 180, "texture": "#copper_block"},
				"up": {"uv": [3, 3, 12, 4], "rotation": 90, "texture": "#copper_block"},
				"down": {"uv": [3, 3, 12, 4], "rotation": 270, "texture": "#copper_block"}
			}
		},
		{
			"from": [-1, 3, 3],
			"to": [0, 12, 4],
			"rotation": {"angle": 0, "axis": "y", "origin": [8, 8, 8]},
			"faces": {
				"north": {"uv": [3, 3, 12, 4], "rotation": 270, "texture": "#copper_block"},
				"east": {"uv": [3, 13, 12, 14], "rotation": 270, "texture": "#copper_block"},
				"south": {"uv": [3, 3, 12, 4], "rotation": 270, "texture": "#copper_block"},
				"west": {"uv": [3, 1, 12, 2], "rotation": 90, "texture": "#copper_block"},
				"down": {"uv": [3, 1, 4, 2], "texture": "#copper_block"}
			}
		},
		{
			"from": [-1, 12, 3],
			"to": [0, 13, 12],
			"rotation": {"angle": 0, "axis": "y", "origin": [8, 8, 8]},
			"faces": {
				"north": {"uv": [3, 1, 4, 2], "rotation": 180, "texture": "#copper_block"},
				"east": {"uv": [3, 13, 12, 14], "rotation": 180, "texture": "#copper_block"},
				"west": {"uv": [3, 1, 12, 2], "rotation": 180, "texture": "#copper_block"},
				"up": {"uv": [3, 3, 12, 4], "rotation": 90, "texture": "#copper_block"},
				"down": {"uv": [3, 3, 12, 4], "rotation": 270, "texture": "#copper_block"}
			}
		},
		{
			"from": [-1, 10, 6],
			"to": [0, 12, 7],
			"rotation": {"angle": 0, "axis": "y", "origin": [8, 8, 8]},
			"faces": {
				"north": {"uv": [3, 3, 5.5, 4], "rotation": 270, "texture": "#gold_block"},
				"east": {"uv": [3, 7, 5.5, 8], "rotation": 270, "texture": "#gold_block"},
				"south": {"uv": [3, 5, 5.5, 6], "rotation": 270, "texture": "#gold_block"},
				"west": {"uv": [3, 1, 5.5, 2], "rotation": 90, "texture": "#gold_block"}
			}
		},
		{
			"from": [-1, 9, 4],
			"to": [0, 10, 12],
			"rotation": {"angle": 0, "axis": "y", "origin": [8, 8, 8]},
			"faces": {
				"east": {"uv": [3, 13, 11, 14], "rotation": 180, "texture": "#gold_block"},
				"west": {"uv": [3, 1, 11, 2], "rotation": 180, "texture": "#gold_block"},
				"up": {"uv": [3, 3, 11, 4], "rotation": 90, "texture": "#gold_block"},
				"down": {"uv": [3, 3, 11, 4], "rotation": 270, "texture": "#gold_block"}
			}
		},
		{
			"from": [-1, 10, 9],
			"to": [0, 12, 10],
			"rotation": {"angle": 0, "axis": "y", "origin": [8, 8, 8]},
			"faces": {
				"north": {"uv": [3, 3, 5.5, 4], "rotation": 270, "texture": "#gold_block"},
				"east": {"uv": [3, 7, 5.5, 8], "rotation": 270, "texture": "#gold_block"},
				"south": {"uv": [3, 5, 5.5, 6], "rotation": 270, "texture": "#gold_block"},
				"west": {"uv": [3, 1, 5.5, 2], "rotation": 90, "texture": "#gold_block"}
			}
		},
		{
			"from": [-1, 7, 9],
			"to": [0, 9, 10],
			"rotation": {"angle": 0, "axis": "y", "origin": [8, 8, 8]},
			"faces": {
				"north": {"uv": [6, 3, 8.5, 4], "rotation": 270, "texture": "#gold_block"},
				"east": {"uv": [6, 7, 8.5, 8], "rotation": 270, "texture": "#gold_block"},
				"south": {"uv": [6, 5, 8.5, 6], "rotation": 270, "texture": "#gold_block"},
				"west": {"uv": [6, 1, 8.5, 2], "rotation": 90, "texture": "#gold_block"}
			}
		},
		{
			"from": [-1, 7, 6],
			"to": [0, 9, 7],
			"rotation": {"angle": 0, "axis": "y", "origin": [8, 8, 8]},
			"faces": {
				"north": {"uv": [6, 3, 8.5, 4], "rotation": 270, "texture": "#gold_block"},
				"east": {"uv": [6, 7, 8.5, 8], "rotation": 270, "texture": "#gold_block"},
				"south": {"uv": [6, 5, 8.5, 6], "rotation": 270, "texture": "#gold_block"},
				"west": {"uv": [6, 1, 8.5, 2], "rotation": 90, "texture": "#gold_block"}
			}
		},
		{
			"from": [-1, 4, 9],
			"to": [0, 6, 10],
			"rotation": {"angle": 0, "axis": "y", "origin": [8, 8, 8]},
			"faces": {
				"north": {"uv": [8.5, 3, 10.5, 4], "rotation": 270, "texture": "#gold_block"},
				"east": {"uv": [8.5, 7, 10.5, 8], "rotation": 270, "texture": "#gold_block"},
				"south": {"uv": [8.5, 5, 10.5, 6], "rotation": 270, "texture": "#gold_block"},
				"west": {"uv": [8.5, 1, 10.5, 2], "rotation": 90, "texture": "#gold_block"}
			}
		},
		{
			"from": [-1, 4, 6],
			"to": [0, 6, 7],
			"rotation": {"angle": 0, "axis": "y", "origin": [8, 8, 8]},
			"faces": {
				"north": {"uv": [8.5, 3, 10.5, 4], "rotation": 270, "texture": "#gold_block"},
				"east": {"uv": [8.5, 7, 10.5, 8], "rotation": 270, "texture": "#gold_block"},
				"south": {"uv": [8.5, 5, 10.5, 6], "rotation": 270, "texture": "#gold_block"},
				"west": {"uv": [8.5, 1, 10.5, 2], "rotation": 90, "texture": "#gold_block"}
			}
		},
		{
			"from": [-1, 6, 4],
			"to": [0, 7, 12],
			"rotation": {"angle": 0, "axis": "y", "origin": [8, 8, 8]},
			"faces": {
				"east": {"uv": [3, 13, 11, 14], "rotation": 180, "texture": "#gold_block"},
				"west": {"uv": [3, 1, 11, 2], "rotation": 180, "texture": "#gold_block"},
				"up": {"uv": [3, 3, 11, 4], "rotation": 90, "texture": "#gold_block"},
				"down": {"uv": [3, 3, 11, 4], "rotation": 270, "texture": "#gold_block"}
			}
		},
		{
			"from": [12, 4, 16],
			"to": [13, 13, 17],
			"rotation": {"angle": 0, "axis": "y", "origin": [8, 8, 8]},
			"faces": {
				"north": {"uv": [3, 13, 12, 14], "rotation": 270, "texture": "#copper_block"},
				"east": {"uv": [3, 3, 12, 4], "rotation": 270, "texture": "#copper_block"},
				"south": {"uv": [3, 1, 12, 2], "rotation": 90, "texture": "#copper_block"},
				"west": {"uv": [3, 3, 12, 4], "rotation": 270, "texture": "#copper_block"},
				"up": {"uv": [3, 13, 4, 14], "rotation": 90, "texture": "#copper_block"}
			}
		},
		{
			"from": [4, 3, 16],
			"to": [13, 4, 17],
			"rotation": {"angle": 0, "axis": "y", "origin": [8, 8, 8]},
			"faces": {
				"north": {"uv": [3, 13, 12, 14], "rotation": 180, "texture": "#copper_block"},
				"east": {"uv": [3, 13, 4, 14], "rotation": 180, "texture": "#copper_block"},
				"south": {"uv": [3, 1, 12, 2], "rotation": 180, "texture": "#copper_block"},
				"up": {"uv": [3, 3, 12, 4], "texture": "#copper_block"},
				"down": {"uv": [3, 3, 12, 4], "texture": "#copper_block"}
			}
		},
		{
			"from": [3, 3, 16],
			"to": [4, 12, 17],
			"rotation": {"angle": 0, "axis": "y", "origin": [8, 8, 8]},
			"faces": {
				"north": {"uv": [3, 13, 13, 15], "rotation": 270, "texture": "#copper_block"},
				"east": {"uv": [3, 3, 12, 4], "rotation": 270, "texture": "#copper_block"},
				"south": {"uv": [3, 1, 12, 2], "rotation": 90, "texture": "#copper_block"},
				"west": {"uv": [3, 3, 12, 4], "rotation": 270, "texture": "#copper_block"},
				"down": {"uv": [3, 1, 13, 3], "rotation": 90, "texture": "#copper_block"}
			}
		},
		{
			"from": [3, 12, 16],
			"to": [12, 13, 17],
			"rotation": {"angle": 0, "axis": "y", "origin": [8, 8, 8]},
			"faces": {
				"north": {"uv": [3, 13, 12, 14], "rotation": 180, "texture": "#copper_block"},
				"south": {"uv": [3, 1, 12, 2], "rotation": 180, "texture": "#copper_block"},
				"west": {"uv": [3, 1, 4, 2], "rotation": 180, "texture": "#copper_block"},
				"up": {"uv": [3, 3, 12, 4], "texture": "#copper_block"},
				"down": {"uv": [3, 3, 12, 4], "texture": "#copper_block"}
			}
		},
		{
			"from": [6, 10, 16],
			"to": [7, 12, 17],
			"rotation": {"angle": 0, "axis": "y", "origin": [8, 8, 8]},
			"faces": {
				"north": {"uv": [3, 7, 5, 8], "rotation": 270, "texture": "#gold_block"},
				"east": {"uv": [3, 5, 5, 6.0002], "rotation": 270, "texture": "#gold_block"},
				"south": {"uv": [3, 1, 5, 2], "rotation": 90, "texture": "#gold_block"},
				"west": {"uv": [3, 3, 5, 4.0002], "rotation": 270, "texture": "#gold_block"}
			}
		},
		{
			"from": [4, 9, 16],
			"to": [12, 10, 17],
			"rotation": {"angle": 0, "axis": "y", "origin": [8, 8, 8]},
			"faces": {
				"north": {"uv": [3, 13, 11, 14], "rotation": 180, "texture": "#gold_block"},
				"south": {"uv": [3, 1, 11, 2], "rotation": 180, "texture": "#gold_block"},
				"up": {"uv": [3, 3, 11, 4], "texture": "#gold_block"},
				"down": {"uv": [3, 3, 11, 4], "texture": "#gold_block"}
			}
		},
		{
			"from": [9, 10, 16],
			"to": [10, 12, 17],
			"rotation": {"angle": 0, "axis": "y", "origin": [8, 8, 8]},
			"faces": {
				"north": {"uv": [3, 7, 5, 8], "rotation": 270, "texture": "#gold_block"},
				"east": {"uv": [3, 5, 5, 6.0002], "rotation": 270, "texture": "#gold_block"},
				"south": {"uv": [3, 1, 5, 2], "rotation": 90, "texture": "#gold_block"},
				"west": {"uv": [3, 3, 5, 4.0002], "rotation": 270, "texture": "#gold_block"}
			}
		},
		{
			"from": [9, 7, 16],
			"to": [10, 9, 17],
			"rotation": {"angle": 0, "axis": "y", "origin": [8, 8, 8]},
			"faces": {
				"north": {"uv": [6.5, 7, 8.5, 8], "rotation": 270, "texture": "#gold_block"},
				"east": {"uv": [6.5, 5, 8.5, 6.0002], "rotation": 270, "texture": "#gold_block"},
				"south": {"uv": [6.5, 1.05, 8.5, 2.05], "rotation": 90, "texture": "#gold_block"},
				"west": {"uv": [6.5, 3.05, 8.5, 4.0502], "rotation": 270, "texture": "#gold_block"}
			}
		},
		{
			"from": [6, 7, 16],
			"to": [7, 9, 17],
			"rotation": {"angle": 0, "axis": "y", "origin": [8, 8, 8]},
			"faces": {
				"north": {"uv": [6.5, 7, 8.5, 8], "rotation": 270, "texture": "#gold_block"},
				"east": {"uv": [6.5, 5, 8.5, 6.0002], "rotation": 270, "texture": "#gold_block"},
				"south": {"uv": [6.5, 1.05, 8.5, 2.05], "rotation": 90, "texture": "#gold_block"},
				"west": {"uv": [6.5, 3.05, 8.5, 4.0502], "rotation": 270, "texture": "#gold_block"}
			}
		},
		{
			"from": [9, 4, 16],
			"to": [10, 6, 17],
			"rotation": {"angle": 0, "axis": "y", "origin": [8, 8, 8]},
			"faces": {
				"north": {"uv": [9, 7, 11, 8], "rotation": 270, "texture": "#gold_block"},
				"east": {"uv": [9, 5, 11, 6.0002], "rotation": 270, "texture": "#gold_block"},
				"south": {"uv": [9, 1, 11, 2], "rotation": 90, "texture": "#gold_block"},
				"west": {"uv": [9, 3, 11, 4.0002], "rotation": 270, "texture": "#gold_block"}
			}
		},
		{
			"from": [6, 4, 16],
			"to": [7, 6, 17],
			"rotation": {"angle": 0, "axis": "y", "origin": [8, 8, 8]},
			"faces": {
				"north": {"uv": [9, 7, 11, 8], "rotation": 270, "texture": "#gold_block"},
				"east": {"uv": [9, 5, 11, 6.0002], "rotation": 270, "texture": "#gold_block"},
				"south": {"uv": [9, 1, 11, 2], "rotation": 90, "texture": "#gold_block"},
				"west": {"uv": [9, 3, 11, 4.0002], "rotation": 270, "texture": "#gold_block"}
			}
		},
		{
			"from": [4, 6, 16],
			"to": [12, 7, 17],
			"rotation": {"angle": 0, "axis": "y", "origin": [8, 8, 8]},
			"faces": {
				"north": {"uv": [3, 13, 11, 14], "rotation": 180, "texture": "#gold_block"},
				"south": {"uv": [3, 1, 11, 2], "rotation": 180, "texture": "#gold_block"},
				"up": {"uv": [3, 3, 11, 4], "texture": "#gold_block"},
				"down": {"uv": [3, 3, 11, 4], "texture": "#gold_block"}
			}
		},
		{
			"from": [16, 4, 12],
			"to": [17, 13, 13],
			"rotation": {"angle": 0, "axis": "y", "origin": [8, 8, 8]},
			"faces": {
				"north": {"uv": [3, 3, 12, 4], "rotation": 270, "texture": "#copper_block"},
				"east": {"uv": [3, 13, 12, 14], "rotation": 270, "texture": "#copper_block"},
				"south": {"uv": [3, 3, 12, 4], "rotation": 270, "texture": "#copper_block"},
				"west": {"uv": [3, 1, 12, 2], "rotation": 90, "texture": "#copper_block"},
				"up": {"uv": [3, 13, 4, 14], "rotation": 180, "texture": "#copper_block"}
			}
		},
		{
			"from": [16, 3, 4],
			"to": [17, 4, 13],
			"rotation": {"angle": 0, "axis": "y", "origin": [8, 8, 8]},
			"faces": {
				"east": {"uv": [3, 13, 12, 14], "rotation": 180, "texture": "#copper_block"},
				"south": {"uv": [3, 13, 4, 14], "rotation": 180, "texture": "#copper_block"},
				"west": {"uv": [3, 1, 12, 2], "rotation": 180, "texture": "#copper_block"},
				"up": {"uv": [3, 3, 12, 4], "rotation": 90, "texture": "#copper_block"},
				"down": {"uv": [3, 3, 12, 4], "rotation": 270, "texture": "#copper_block"}
			}
		},
		{
			"from": [16, 3, 3],
			"to": [17, 12, 4],
			"rotation": {"angle": 0, "axis": "y", "origin": [8, 8, 8]},
			"faces": {
				"north": {"uv": [3, 3, 12, 4], "rotation": 270, "texture": "#copper_block"},
				"east": {"uv": [3, 13, 12, 14], "rotation": 270, "texture": "#copper_block"},
				"south": {"uv": [3, 3, 12, 4], "rotation": 270, "texture": "#copper_block"},
				"west": {"uv": [3, 1, 12, 2], "rotation": 90, "texture": "#copper_block"},
				"down": {"uv": [3, 1, 4, 2], "texture": "#copper_block"}
			}
		},
		{
			"from": [16, 12, 3],
			"to": [17, 13, 12],
			"rotation": {"angle": 0, "axis": "y", "origin": [8, 8, 8]},
			"faces": {
				"north": {"uv": [3, 1, 4, 2], "rotation": 180, "texture": "#copper_block"},
				"east": {"uv": [3, 13, 12, 14], "rotation": 180, "texture": "#copper_block"},
				"west": {"uv": [3, 1, 12, 2], "rotation": 180, "texture": "#copper_block"},
				"up": {"uv": [3, 3, 12, 4], "rotation": 90, "texture": "#copper_block"},
				"down": {"uv": [3, 3, 12, 4], "rotation": 270, "texture": "#copper_block"}
			}
		},
		{
			"from": [16, 10, 6],
			"to": [17, 12, 7],
			"rotation": {"angle": 0, "axis": "y", "origin": [8, 8, 8]},
			"faces": {
				"north": {"uv": [3, 3, 5.5, 4.0002], "rotation": 270, "texture": "#gold_block"},
				"east": {"uv": [3, 7, 5.5, 8], "rotation": 270, "texture": "#gold_block"},
				"south": {"uv": [3, 5, 5.5, 6.0002], "rotation": 270, "texture": "#gold_block"},
				"west": {"uv": [3, 1, 5.5, 2], "rotation": 90, "texture": "#gold_block"}
			}
		},
		{
			"from": [16, 9, 4],
			"to": [17, 10, 12],
			"rotation": {"angle": 0, "axis": "y", "origin": [8, 8, 8]},
			"faces": {
				"east": {"uv": [3, 7, 11, 8], "rotation": 180, "texture": "#gold_block"},
				"west": {"uv": [3, 1, 11, 2], "rotation": 180, "texture": "#gold_block"},
				"up": {"uv": [3, 3, 11, 4], "rotation": 90, "texture": "#gold_block"},
				"down": {"uv": [3, 5, 11, 6], "rotation": 270, "texture": "#gold_block"}
			}
		},
		{
			"from": [16, 10, 9],
			"to": [17, 12, 10],
			"rotation": {"angle": 0, "axis": "y", "origin": [8, 8, 8]},
			"faces": {
				"north": {"uv": [3, 3, 5.5, 4.0002], "rotation": 270, "texture": "#gold_block"},
				"east": {"uv": [3, 7, 5.5, 8], "rotation": 270, "texture": "#gold_block"},
				"south": {"uv": [3, 5, 5.5, 6.0002], "rotation": 270, "texture": "#gold_block"},
				"west": {"uv": [3, 1, 5.5, 2], "rotation": 90, "texture": "#gold_block"}
			}
		},
		{
			"from": [16, 7, 9],
			"to": [17, 9, 10],
			"rotation": {"angle": 0, "axis": "y", "origin": [8, 8, 8]},
			"faces": {
				"north": {"uv": [6, 3, 8.5, 4.0002], "rotation": 270, "texture": "#gold_block"},
				"east": {"uv": [6, 7, 8.5, 8], "rotation": 270, "texture": "#gold_block"},
				"south": {"uv": [6, 5, 8.5, 6.0002], "rotation": 270, "texture": "#gold_block"},
				"west": {"uv": [6, 1, 8.5, 2], "rotation": 90, "texture": "#gold_block"}
			}
		},
		{
			"from": [16, 7, 6],
			"to": [17, 9, 7],
			"rotation": {"angle": 0, "axis": "y", "origin": [8, 8, 8]},
			"faces": {
				"north": {"uv": [6, 3, 8.5, 4.0002], "rotation": 270, "texture": "#gold_block"},
				"east": {"uv": [6, 7, 8.5, 8], "rotation": 270, "texture": "#gold_block"},
				"south": {"uv": [6, 5, 8.5, 6.0002], "rotation": 270, "texture": "#gold_block"},
				"west": {"uv": [6, 1, 8.5, 2], "rotation": 90, "texture": "#gold_block"}
			}
		},
		{
			"from": [16, 4, 9],
			"to": [17, 6, 10],
			"rotation": {"angle": 0, "axis": "y", "origin": [8, 8, 8]},
			"faces": {
				"north": {"uv": [8.5, 3, 10.5, 4], "rotation": 270, "texture": "#gold_block"},
				"east": {"uv": [8.5, 7, 10.5, 8], "rotation": 270, "texture": "#gold_block"},
				"south": {"uv": [8.5, 5, 10.5, 6], "rotation": 270, "texture": "#gold_block"},
				"west": {"uv": [8.5, 1, 10.5, 2], "rotation": 90, "texture": "#gold_block"}
			}
		},
		{
			"from": [16, 4, 6],
			"to": [17, 6, 7],
			"rotation": {"angle": 0, "axis": "y", "origin": [8, 8, 8]},
			"faces": {
				"north": {"uv": [8.5, 3, 10.5, 4], "rotation": 270, "texture": "#gold_block"},
				"east": {"uv": [8.5, 7, 10.5, 8], "rotation": 270, "texture": "#gold_block"},
				"south": {"uv": [8.5, 5, 10.5, 6], "rotation": 270, "texture": "#gold_block"},
				"west": {"uv": [8.5, 1, 10.5, 2], "rotation": 90, "texture": "#gold_block"}
			}
		},
		{
			"from": [16, 6, 4],
			"to": [17, 7, 12],
			"rotation": {"angle": 0, "axis": "y", "origin": [8, 8, 8]},
			"faces": {
				"east": {"uv": [3, 7, 11, 8], "rotation": 180, "texture": "#gold_block"},
				"west": {"uv": [3, 1, 11, 2], "rotation": 180, "texture": "#gold_block"},
				"up": {"uv": [3, 3, 11, 4], "rotation": 90, "texture": "#gold_block"},
				"down": {"uv": [3, 5, 11, 6], "rotation": 270, "texture": "#gold_block"}
			}
		},
		{
			"from": [12, 4, -1],
			"to": [13, 13, 0],
			"rotation": {"angle": 0, "axis": "y", "origin": [8, 8, -0.5]},
			"faces": {
				"north": {"uv": [3, 13, 12, 14], "rotation": 270, "texture": "#copper_block"},
				"east": {"uv": [3, 3, 12, 4], "rotation": 270, "texture": "#copper_block"},
				"south": {"uv": [3, 1, 12, 2], "rotation": 90, "texture": "#copper_block"},
				"west": {"uv": [3, 3, 12, 4], "rotation": 270, "texture": "#copper_block"},
				"up": {"uv": [3, 13, 4, 14], "rotation": 90, "texture": "#copper_block"}
			}
		},
		{
			"from": [4, 3, -1],
			"to": [13, 4, 0],
			"rotation": {"angle": 0, "axis": "y", "origin": [8, 8, -0.5]},
			"faces": {
				"north": {"uv": [3, 13, 12, 14], "rotation": 180, "texture": "#copper_block"},
				"east": {"uv": [3, 13, 4, 14], "rotation": 180, "texture": "#copper_block"},
				"south": {"uv": [3, 1, 12, 2], "rotation": 180, "texture": "#copper_block"},
				"up": {"uv": [3, 3, 12, 4], "texture": "#copper_block"},
				"down": {"uv": [3, 3, 12, 4], "texture": "#copper_block"}
			}
		},
		{
			"from": [3, 3, -1],
			"to": [4, 12, 0],
			"rotation": {"angle": 0, "axis": "y", "origin": [8, 8, -0.5]},
			"faces": {
				"north": {"uv": [3, 13, 12, 14], "rotation": 270, "texture": "#copper_block"},
				"east": {"uv": [3, 3, 12, 4], "rotation": 270, "texture": "#copper_block"},
				"south": {"uv": [3, 1, 12, 2], "rotation": 90, "texture": "#copper_block"},
				"west": {"uv": [3, 3, 12, 4], "rotation": 270, "texture": "#copper_block"},
				"down": {"uv": [3, 1, 4, 2], "rotation": 90, "texture": "#copper_block"}
			}
		},
		{
			"from": [3, 12, -1],
			"to": [12, 13, 0],
			"rotation": {"angle": 0, "axis": "y", "origin": [8, 8, -0.5]},
			"faces": {
				"north": {"uv": [3, 13, 12, 14], "rotation": 180, "texture": "#copper_block"},
				"south": {"uv": [3, 1, 12, 2], "rotation": 180, "texture": "#copper_block"},
				"west": {"uv": [3, 1, 4, 2], "rotation": 180, "texture": "#copper_block"},
				"up": {"uv": [3, 3, 12, 4], "texture": "#copper_block"},
				"down": {"uv": [3, 3, 12, 4], "texture": "#copper_block"}
			}
		},
		{
			"from": [3, -1, 3],
			"to": [4, 0, 12],
			"rotation": {"angle": 0, "axis": "x", "origin": [8, 8, -0.5]},
			"faces": {
				"north": {"uv": [3, 1, 4, 2], "rotation": 270, "texture": "#gold_block"},
				"east": {"uv": [3, 3, 12, 4], "rotation": 180, "texture": "#gold_block"},
				"west": {"uv": [3, 3, 12, 4], "texture": "#gold_block"},
				"up": {"uv": [3, 13, 12, 14], "rotation": 90, "texture": "#gold_block"},
				"down": {"uv": [3, 1, 12, 2], "rotation": 90, "texture": "#gold_block"}
			}
		},
		{
			"from": [4, -1, 3],
			"to": [13, 0, 4],
			"rotation": {"angle": 0, "axis": "x", "origin": [8, 8, -0.5]},
			"faces": {
				"north": {"uv": [3, 3, 12, 4], "rotation": 180, "texture": "#gold_block"},
				"east": {"uv": [3, 13, 4, 14], "rotation": 90, "texture": "#gold_block"},
				"south": {"uv": [3, 3, 12, 4], "texture": "#gold_block"},
				"up": {"uv": [3, 13, 12, 14], "texture": "#gold_block"},
				"down": {"uv": [3, 1, 12, 2], "rotation": 180, "texture": "#gold_block"}
			}
		},
		{
			"from": [12, -1, 4],
			"to": [13, 0, 13],
			"rotation": {"angle": 0, "axis": "x", "origin": [8, 8, -0.5]},
			"faces": {
				"east": {"uv": [3, 3, 12, 4], "rotation": 180, "texture": "#gold_block"},
				"south": {"uv": [3, 13, 4, 14], "rotation": 90, "texture": "#gold_block"},
				"west": {"uv": [3, 3, 12, 4], "texture": "#gold_block"},
				"up": {"uv": [3, 13, 12, 14], "rotation": 90, "texture": "#gold_block"},
				"down": {"uv": [3, 1, 12, 2], "rotation": 90, "texture": "#gold_block"}
			}
		},
		{
			"from": [3, -1, 12],
			"to": [12, 0, 13],
			"rotation": {"angle": 0, "axis": "x", "origin": [8, 8, -0.5]},
			"faces": {
				"north": {"uv": [3, 3, 12, 4], "rotation": 180, "texture": "#gold_block"},
				"south": {"uv": [3, 3, 12, 4], "texture": "#gold_block"},
				"west": {"uv": [3, 1, 4, 2], "rotation": 270, "texture": "#gold_block"},
				"up": {"uv": [3, 13, 12, 14], "texture": "#gold_block"},
				"down": {"uv": [3, 1, 12, 2], "rotation": 180, "texture": "#gold_block"}
			}
		},
		{
			"from": [6, 10, -1],
			"to": [7, 12, 0],
			"rotation": {"angle": 0, "axis": "y", "origin": [8, 8, 8]},
			"faces": {
				"north": {"uv": [3, 7, 5, 8], "rotation": 270, "texture": "#gold_block"},
				"east": {"uv": [3, 5, 5, 6], "rotation": 270, "texture": "#gold_block"},
				"south": {"uv": [3, 1, 5, 2], "rotation": 90, "texture": "#gold_block"},
				"west": {"uv": [3, 3, 5, 4], "rotation": 270, "texture": "#gold_block"}
			}
		},
		{
			"from": [4, 9, -1],
			"to": [12, 10, 0],
			"rotation": {"angle": 0, "axis": "y", "origin": [8, 8, 8]},
			"faces": {
				"north": {"uv": [3, 7, 11, 8], "rotation": 180, "texture": "#gold_block"},
				"south": {"uv": [3, 1, 11, 2], "rotation": 180, "texture": "#gold_block"},
				"up": {"uv": [3, 3, 11, 4], "texture": "#gold_block"},
				"down": {"uv": [3, 5, 11, 6], "texture": "#gold_block"}
			}
		},
		{
			"from": [9, 10, -1],
			"to": [10, 12, 0],
			"rotation": {"angle": 0, "axis": "y", "origin": [8, 8, 8]},
			"faces": {
				"north": {"uv": [3, 7, 5, 8], "rotation": 270, "texture": "#gold_block"},
				"east": {"uv": [3, 5, 5, 6], "rotation": 270, "texture": "#gold_block"},
				"south": {"uv": [3, 1, 5, 2], "rotation": 90, "texture": "#gold_block"},
				"west": {"uv": [3, 3, 5, 4], "rotation": 270, "texture": "#gold_block"}
			}
		},
		{
			"from": [9, 7, -1],
			"to": [10, 9, 0],
			"rotation": {"angle": 0, "axis": "y", "origin": [8, 8, 8]},
			"faces": {
				"north": {"uv": [7, 7, 9, 8], "rotation": 270, "texture": "#gold_block"},
				"east": {"uv": [7, 5, 9, 6], "rotation": 270, "texture": "#gold_block"},
				"south": {"uv": [7, 1, 9, 2], "rotation": 90, "texture": "#gold_block"},
				"west": {"uv": [7, 3, 9, 4], "rotation": 270, "texture": "#gold_block"}
			}
		},
		{
			"from": [6, 7, -1],
			"to": [7, 9, 0],
			"rotation": {"angle": 0, "axis": "y", "origin": [8, 8, 8]},
			"faces": {
				"north": {"uv": [7, 7, 9, 8], "rotation": 270, "texture": "#gold_block"},
				"east": {"uv": [7, 5, 9, 6], "rotation": 270, "texture": "#gold_block"},
				"south": {"uv": [7, 1, 9, 2], "rotation": 90, "texture": "#gold_block"},
				"west": {"uv": [7, 3, 9, 4], "rotation": 270, "texture": "#gold_block"}
			}
		},
		{
			"from": [9, 4, -1],
			"to": [10, 6, 0],
			"rotation": {"angle": 0, "axis": "y", "origin": [8, 8, 8]},
			"faces": {
				"north": {"uv": [9.5, 7, 11.5, 8], "rotation": 270, "texture": "#gold_block"},
				"east": {"uv": [9.5, 5, 11.5, 6], "rotation": 270, "texture": "#gold_block"},
				"south": {"uv": [9.5, 1, 11.5, 2], "rotation": 90, "texture": "#gold_block"},
				"west": {"uv": [9.5, 3, 11.5, 4], "rotation": 270, "texture": "#gold_block"}
			}
		},
		{
			"from": [6, 4, -1],
			"to": [7, 6, 0],
			"rotation": {"angle": 0, "axis": "y", "origin": [8, 8, 8]},
			"faces": {
				"north": {"uv": [9.5, 7, 11.5, 8], "rotation": 270, "texture": "#gold_block"},
				"east": {"uv": [9.5, 5, 11.5, 6], "rotation": 270, "texture": "#gold_block"},
				"south": {"uv": [9.5, 1, 11.5, 2], "rotation": 90, "texture": "#gold_block"},
				"west": {"uv": [9.5, 3, 11.5, 4], "rotation": 270, "texture": "#gold_block"}
			}
		},
		{
			"from": [4, 6, -1],
			"to": [12, 7, 0],
			"rotation": {"angle": 0, "axis": "y", "origin": [8, 8, 8]},
			"faces": {
				"north": {"uv": [3, 7, 11, 8], "rotation": 180, "texture": "#gold_block"},
				"south": {"uv": [3, 1, 11, 2], "rotation": 180, "texture": "#gold_block"},
				"up": {"uv": [3, 3, 11, 4], "texture": "#gold_block"},
				"down": {"uv": [3, 5, 11, 6], "texture": "#gold_block"}
			}
		}
	],
	"display": {
		"thirdperson_righthand": {
			"rotation": [75, 45, 0],
			"translation": [0, 2.5, 0],
			"scale": [0.375, 0.375, 0.375]
		},
		"thirdperson_lefthand": {
			"rotation": [75, 45, 0],
			"translation": [0, 2.5, 0],
			"scale": [0.375, 0.375, 0.375]
		},
		"firstperson_righthand": {
			"rotation": [0, 45, 0],
			"scale": [0.4, 0.4, 0.4]
		},
		"firstperson_lefthand": {
			"rotation": [0, 225, 0],
			"scale": [0.4, 0.4, 0.4]
		},
		"ground": {
			"translation": [0, 3, 0],
			"scale": [0.25, 0.25, 0.25]
		},
		"gui": {
			"rotation": [30, 225, 0],
			"scale": [0.625, 0.625, 0.625]
		},
		"fixed": {
			"scale": [0.5, 0.5, 0.5]
		}
	},
	"groups": [
		0,
		1,
		2,
		3,
		4,
		5,
		6,
		7,
		8,
		9,
		10,
		11,
		12,
		13,
		14,
		{
			"name": "group",
			"origin": [8, 8, -0.5],
			"color": 0,
			"children": [15, 16, 17, 18, 19, 20, 21, 22, 23, 24, 25, 26, 27, 28, 29, 30, 31, 32, 33, 34, 35, 36, 37, 38]
		},
		{
			"name": "group",
			"origin": [8, 8, -0.5],
			"color": 0,
			"children": [39, 40, 41, 42, 43, 44, 45, 46, 47, 48, 49, 50, 51, 52, 53, 54, 55, 56, 57, 58, 59, 60, 61, 62, 63, 64, 65, 66]
		}
	]
}